arrival_time,job_size
3,26
44,24
124,37
134,26
137,9
157,17
211,10
231,9
366,10
368,9
433,25
558,23
565,7
567,5
577,6
662,56
712,10
750,9
759,8
781,21
782,16
786,10
808,11
850,10
856,9
901,10
912,7
949,12
964,10
970,7
1013,7
1023,12
1026,7
1068,20
1095,12
1099,35
1103,9
1143,15
1153,13
1157,13
1167,52
1228,62
1234,28
1236,17
1266,11
1283,9
1290,15
1293,9
1328,17
1474,10
1482,18
1483,21
1510,24
1611,26
1626,29
1671,20
1727,18
1741,12
1752,22
1760,20
1766,17
1829,12
1947,48
1952,21
2112,18
2128,28
2148,21
2243,64
2346,27
2347,9
2536,17
2538,15
2541,58
2546,16
2653,12
2691,35
2774,11
2802,151
2804,10
2838,12
2862,55
2870,17
2905,16
2963,17
2993,13
3018,22
3028,10
3082,9
3091,22
3123,22
3128,1628
3231,6
3232,7
3234,6
3264,6
3363,17
3429,7
3484,11
3525,7
3532,8
3565,10
3634,13
3700,8
3777,11
3824,6
3875,6
3923,10
3927,34
3935,290
3940,7
3952,5
4071,7
4146,10
4268,6
4490,8
4510,5
4549,7
4550,5
4586,10
4602,16
4627,7
4638,6
4664,35
4685,5
4692,11
4731,5
4774,6
4861,5
4910,6
4913,9
4987,7
5022,12
5147,16
5191,10
5217,10
5224,10
5239,10
5254,41
5298,6
5316,6
5332,9
5427,15
5451,5
5455,17
5508,7
5520,6
5545,6
5569,63
5572,10
5580,6
5620,14
5642,11
5670,5
5716,15
5746,6
5841,8
5842,7
5995,8
6040,9
6049,12
6123,15
6124,10
6228,14
6245,7
6246,8
6254,136
6302,11
6430,22
6498,9
6549,10
6656,20
6755,43
6799,6
6817,5
6819,13
6824,13
6849,32
6907,12
6920,7
6941,17
6951,12
6980,5
7025,12
7026,16
7032,13
7046,12
7052,10
7220,7
7236,8
7276,15
7326,7
7348,9
7395,11
7463,7
7516,43
7684,9
7708,11
7772,7
7816,5
7896,9
7940,9
7941,6
7981,16
7992,8
8017,15
8079,16
8143,12
8235,12
8290,5
8330,127
8341,5
8360,9
8368,5
8400,5
8442,5
8464,11
8505,60
8531,155
8535,115
8632,5
8645,6
8700,6
8703,16
8744,14
8870,6
8897,13
8914,28
8927,36
8936,22
8961,9
8969,50
9023,19
9028,19
9043,42
9046,12
9063,34
9174,27
9193,54
9196,36
9198,19
9210,35
9301,21
9451,46
9475,30
9490,18
9491,32
9500,20
9513,22
9514,19
9577,52
9607,19
9610,19
9622,37
9643,19
9646,18
9661,49
9817,44
9849,22
9865,37
9884,42
9898,29
9910,55
9950,21
9990,21
9991,31
9992,42
10003,22
10033,43
10064,59
10065,9
10080,15
10085,9
10095,15
10098,12
10134,23
10145,9
10269,22
10275,14
10285,12
10329,18
10348,11
10434,26
10449,16
10553,9
10592,21
10612,30
10695,25
10716,10
10765,11
10785,9
10800,23
10857,18
10870,15
10889,406
10910,56
11042,50
11073,22
11092,28
11236,39
11247,30
11297,57
11345,18
11370,316
11509,9
11595,24
11618,6
11639,89
11677,34
11745,9
11765,11
11818,22
11841,11
11870,7
12012,9
12099,7
12119,10
12169,9
12250,15
12281,47
12285,22
12316,27
12335,18
12342,19
12416,30
12492,29
12501,54
12508,18
12537,18
12583,42
12585,51
12616,38
12623,54
12652,34
12675,9
12721,16
12799,9
12881,23
13025,18
13030,92
13032,10
13086,166
13093,40
13161,231
13178,36
13276,19
13282,9
13319,19
13330,26
13375,21
13379,24
13432,22
13442,7
13478,9
13532,18
13565,8
13584,8
13619,6
13672,6
13684,5
13700,7
13823,6
13824,17
13842,8
13845,8
13940,24
13945,8
13987,34
14098,7
14107,33
14205,64
14217,5
14234,6
14274,8
14297,6
14346,6
14358,8
14362,6
14408,8
14445,16
14529,5
14535,6
14572,5
14582,39
14588,10
14731,7
14748,6
14766,6
14776,6
14821,7
14863,8
14869,17
14907,6
14945,19
14952,67
14987,6
15059,25
15070,7
15074,14
15123,6
15126,5
15127,15
15151,8
15214,22
15377,7
15448,6
15479,5
15514,27
15535,5
15549,6
15665,7
15746,10
15750,17
15825,21
15849,6
15925,13
15944,8
15953,9
16012,23
16017,9
16050,8
16078,51
16099,191
16103,7
16120,12
16136,11
16148,7
16159,7
16171,12
16194,64
16316,167
16572,19
16631,17
16638,9
16673,52
16706,53
16766,146
16864,10
16872,6
16887,10
16946,7
16961,162
17001,27
17021,9
17025,6
17041,6
17065,11
17114,6
17160,14
17169,14
17270,6
17296,9
17311,6
17369,10
17476,8
17514,9
17539,23
17541,43
17600,25
17667,97
17702,12
17886,21
17903,8
18022,71
18033,7
18053,20
18105,7
18157,7
18187,9
18203,39
18283,7
18313,20
18412,13
18413,11
18422,15
18469,6
18471,16
18561,6
18578,17
18614,19
18667,9
18697,5
18811,5
18842,9
18853,21
18859,7
18936,6
18964,11
19070,5
19109,28
19139,16
19156,9
19181,7
19320,6
19382,5
19502,8
19534,5
19576,7
19689,8
19729,22
19730,15
19780,7
19865,5
19893,21
19904,6
19911,9
20026,7
20039,14
20105,21
20173,10
20292,12
20381,9
20420,18
20437,43
20456,36
20563,34
20597,18
20619,20
20641,45
20734,32
20789,19
20830,15
20887,10
20932,19
20953,36
20955,27
21063,55
21081,21
21093,57
21187,26
21208,24
21215,18
21221,20
21250,25
21314,21
21324,19
21359,9
21395,10
21422,11
21427,10
21436,37
21449,11
21464,7
21535,21
21605,8
21632,11
21753,7
21827,9
21848,13
21890,32
21893,36
21899,13
21930,19
21955,9
21988,10
22026,13
22031,18
22110,463
22112,7
22172,8
22179,7
22263,7
22273,12
22385,7
22451,15
22646,14
22673,10
22787,279
22819,7
22841,9
22849,14
22852,7
22862,130
22864,17
22865,113
22885,6
22917,11
22938,221
23062,25
23088,27
23118,19
23138,7
23198,7
23206,5
23247,8
23271,25
23276,7
23330,5
23331,10
23333,6
23365,136
23472,31
23503,5
23549,18
23575,5
23617,31
23675,9
23678,9
23702,11
23728,8
23741,15
23786,5
23791,11
23811,32
23827,13
23853,14
23937,7
23994,21
24056,7
24085,29
24115,40
24181,26
24184,9
24218,6
24233,7
24273,41
24312,7
24362,10
24406,6
24509,16
24541,5
24542,8
24545,6
24605,6
24610,5
24657,5
24754,19
24756,15
24780,179
24850,7
24945,9
25040,6
25041,11
25045,9
25122,7
25297,7
25347,68
25371,9
25382,13
25394,5
25488,18
25521,8
25593,30
25658,15
25781,18
25800,7
25804,10
25855,21
25861,15
25863,71
25869,9
25919,15
25934,12
25999,15
26130,12
26134,7
26335,150
26388,26
26392,11
26402,7
26409,16
26451,9
26471,16
26478,10
26484,25
26493,9
26536,9
26542,8
26548,11
26570,8
26585,6
26598,8
26617,11
26626,9
26671,6
26691,6
26723,12
26773,12
26813,11
26821,9
26833,21
26881,6
26910,7
26917,18
26953,6
26972,8
27031,11
27033,31
27068,25
27102,7
27260,14
27295,10
27334,11
27363,16
27397,7
27498,16
27521,9
27553,30
27554,12
27631,31
27633,32
27648,21
27649,61
27665,32
27669,18
27682,21
27687,21
27783,44
27843,10
27854,20
27861,30
27875,23
28034,9
28061,33
28086,52
28134,21
28136,12
28139,29
28146,12
28159,9
28190,10
28272,150
28345,22
28396,18
28438,22
28469,21
28492,20
28522,25
28530,18
28671,21
28756,10
28841,16
28851,26
28876,7
28914,7
29005,6
29066,13
29067,66
29136,22
29178,27
29180,23
29193,61
29249,31
29313,16
29324,122
29350,17
29355,325
29375,11
29408,22
29438,28
29466,78
29481,7
29540,13
29622,80
29659,68
29686,14
29694,6
29700,8
29704,7
29721,36
29725,5
29748,20
29771,833
29804,10
29818,15
29869,80
29880,23
29907,9
29919,37
30022,10
30103,16
30116,169
30276,27
30281,14
30314,269
30410,9
30414,43
30434,25
30484,36
30485,22
30524,34
30628,20
30702,26
30756,19
30819,280
30825,18
30846,17
30860,26
30903,6
30943,15
30981,9
31064,8
31116,9
31121,75
31157,57
31247,7
31282,8
31295,9
31311,32
31342,6
31399,14
31415,49
31467,13
31477,181
31571,8
31612,9
31730,26
31738,9
31750,172
31756,12
31807,10
31833,59
31864,8
31874,10
31924,31
32086,74
32112,20
32124,9
32157,14
32229,13
32262,54
32286,11
32308,23
32372,7
32373,10
32395,12
32433,5
32460,6
32470,6
32496,7
32545,5
32589,35
32644,7
32652,5
32659,15
32744,5
32767,6
32770,53
32775,9
32777,16
32789,6
32812,13
32820,11
32834,10
32845,17
32947,6
33031,13
33040,6
33048,6
33107,8
33115,17
33147,8
33186,41
33244,54
33260,7
33278,38
33304,13
33315,11
33350,25
33383,21
33435,10
33494,6
33567,8
33591,6
33694,7
33794,9
33944,6
33948,12
33957,5
34000,5
34001,8
34021,7
34022,5
34035,28
34037,13
34049,8
34064,5
34107,11
34128,27
34207,21
34214,5
34240,14
34261,21
34282,5
34284,53
34289,36
34292,6
34297,9
34307,56
34340,60
34406,15
34423,15
34486,14
34498,6
34525,12
34572,6
34598,6
34716,6
34770,10
34839,7
34888,7
34900,15
34959,29
35042,9
35066,16
35089,7
35117,6
35122,6
35141,120
35211,338
35246,32
35254,18
35316,6
35340,7
35404,11
35412,8
35428,6
35618,12
35723,7
35755,5
35756,6
35848,6
35925,7
35973,24
35995,11
36018,44
36028,18
36029,17
36111,10
36191,21
36273,41
36297,22
36306,20
36323,18
36415,41
36453,17
36506,19
36530,18
36724,32
36775,231
36891,98
36922,34
36975,7
36986,12
36991,33
37046,34
37050,7
37148,27
37185,13
37190,5
37252,19
37257,9
37319,6
37320,6
37360,71
37389,33
37398,13
37450,15
37476,13
37508,10
37528,16
37542,12
37547,5
37567,19
37570,37
37663,5
37687,11
37697,6
37774,5
37776,9
37782,23
37809,10
37899,6
37905,8
37970,9
37974,9
37986,7
38006,13
38008,17
38027,123
38096,35
38128,20
38164,7
38172,108
38217,46
38219,11
38302,12
38322,12
38353,11
38394,16
38413,9
38414,6
38430,13
38472,5
38473,7
38527,199
38609,8
38649,6
38766,8
38836,21
38843,10
38879,6
38905,6
38909,7
38911,7
38912,32
38967,62
38992,5
39047,7
39118,7
39141,5
39142,8
39164,5
39192,7
39258,5
39269,6
39316,5
39344,11
39355,8
39469,6
39540,10
39624,23
39669,5
39700,12
39759,23
39823,5
39869,47
39890,16
39928,21
40038,8
40097,7
40125,18
40137,32
40176,7
40277,51
40305,8
40308,17
40344,6
40406,5
40447,12
40463,16
40464,9
40471,5
40598,7
40612,21
40618,13
40621,6
40739,45
40837,6
40940,33
40982,8
40983,10
41001,81
41007,39
41024,7
41028,15
41153,9
41165,9
41170,11
41292,6
41298,16
41319,383
41411,18
41501,7
41521,9
41550,62
41603,8
41641,11
41647,20
41681,28
41689,50
41743,10
41765,7
41821,8
41860,10
41871,113
41872,11
41935,13
42004,10
42094,11
42106,7
42114,12
42200,6
42238,16
42265,11
42302,36
42305,16
42312,57
42399,9
42409,8
42413,9
42469,7
42484,18
42487,29
42504,15
42548,20
42551,52
42585,10
42592,7
42620,9
42626,11
42642,8
42656,13
42704,15
42715,6
42794,5
42795,43
42796,7
42814,42
42817,6
42819,8
42869,7
42878,12
42915,11
42925,7
42937,7
42943,50
42955,10
42985,39
43076,14
43105,16
43106,6
43164,7
43292,13
43301,7
43326,9
43402,9
43427,6
43531,5
43599,8
43653,9
43677,34
43713,45
43736,15
43763,36
43803,45
43807,59
43836,18
43891,18
43932,9
43983,9
43986,38
44085,18
44104,10
44121,10
44225,8
44246,9
44292,52
44330,8
44364,19
44419,14
44477,10
44526,39
44543,334
44575,11
44576,9
44624,237
44688,16
44787,10
44788,10
44807,11
44939,7
44972,67
45002,30
45013,12
45027,15
45058,10
45085,15
45093,9
45101,57
45180,13
45199,18
45321,33
45322,8
45350,7
45351,8
45386,105
45400,8
45422,12
45476,9
45497,9
45557,11
45560,6
45698,33
45699,10
45743,9
45800,24
45866,31
45867,21
45891,26
45944,23
45947,30
45948,48
46032,23
46052,22
46063,148
46134,28
46173,8
46198,10
46215,10
46330,9
46404,28
46432,22
46541,30
46592,14
46625,56
46702,9
46764,72
46803,21
46807,24
46815,31
46836,23
46895,37
46931,20
46976,19
47007,35
47030,35
47037,33
47051,62
47102,22
47138,19
47151,13
47155,35
47256,14
47295,75
47319,13
47337,8
47348,9
47388,40
47541,9
47550,191
47557,13
47592,7
47633,10
47677,5
47715,28
47730,57
47801,8
47872,14
47898,8
47916,10
47981,2109
48013,58
48036,11
48091,72
48107,14
48122,7
48197,9
48198,13
48218,28
48236,76
48370,7
48374,49
48577,28
48587,71
48650,7
48736,9
48751,7
48776,6
48792,34
48845,13
48934,10
48956,5
49132,7
49162,36
49184,119
49187,37
49194,6
49237,9
49265,8
49284,38
49301,8
49401,12
49545,18
49623,17
49648,11
49679,11
49689,21
49737,10
49800,16
49842,16
49872,11
49885,9
49891,34
49941,11
50010,41
50033,27
50130,21
50137,18
50197,47
50217,22
50259,11
50287,96
50318,12
50344,15
50423,42
50454,13
50485,11
50537,22
50563,10
50660,169
50785,48
50801,12
50802,11
50834,9
50858,16
50888,374
50940,14
50946,28
50991,9
51012,10
51072,26
51097,135
51116,9
51152,7
51165,27
51197,337
51198,29
51200,12
51283,14
51320,46
51321,20
51327,57
51340,30
51361,25
51383,61
51401,22
51457,26
51485,34
51609,19
51640,25
51695,42
51747,24
51762,32
51792,22
51796,47
51817,22
51850,28
51885,33
51899,31
51900,19
51939,25
51941,18
51998,18
52001,45
52117,26
52219,23
52268,46
52269,21
52281,23
52283,41
52284,19
52361,30
52362,37
52375,24
52408,20
52427,37
52460,33
52477,26
52515,11
52541,38
52562,9
52607,14
52610,17
52645,11
52686,21
52697,9
52714,25
52716,73
52729,12
52765,15
52779,10
52807,11
52901,7
52997,6
53063,6
53094,17
53128,9
53161,7
53199,6
53206,12
53227,9
53340,8
53407,7
53437,10
53440,15
53465,20
53509,13
53760,18
53846,58
53862,37
53933,22
53959,11
53966,33
53970,12
53979,12
54069,52
54104,15
54143,19
54152,10
54203,78
54217,60
54231,18
54285,26
54290,32
54291,28
54308,54
54324,20
54325,24
54338,19
54446,9
54461,29
54495,23
54547,21
54604,45
54611,25
54679,19
54695,35
54704,17
54761,52
54816,26
54821,9
54823,9
54836,9
54847,12
55031,9
55040,10
55071,19
55080,23
55117,17
55144,42
55212,18
55239,16
55270,27
55348,23
55361,22
55440,49
55453,18
55469,15
55473,19
55505,11
55519,12
55590,12
55658,9
55663,21
55664,10
55728,46
55732,9
55761,10
55785,12
55828,7
55831,15
55941,31
55974,19
55976,30
56016,46
56033,27
56034,20
56058,28
56111,27
56113,38
56125,50
56133,21
56173,22
56187,471
56191,13
56258,31
56318,90
56365,9
56390,20
56415,9
56423,35
56502,10
56518,18
56581,11
56604,10
56605,12
56607,81
56671,40
56680,21
56718,16
56763,24
56783,9
56949,20
56989,35
57004,14
57024,7
57028,26
57083,8
57146,9
57191,9
57246,13
57295,21
57330,292
57385,26
57386,10
57404,12
57437,9
57483,19
57515,12
57671,22
57719,32
57752,27
57923,25
57947,11
57975,17
57991,14
58027,43
58104,20
58113,12
58217,33
58257,23
58313,18
58332,42
58348,13
58370,21
58374,20
58389,29
58438,50
58459,10
58516,25
58557,11
58656,185
58705,10
58709,7
58875,12
58921,18
58976,7
58987,8
58988,17
59013,9
59039,8
59047,32
59095,567
59243,38
59262,11
59327,8
59344,513
59420,21
59466,10
59515,15
59554,72
59587,10
59589,36
59593,12
59596,9
59599,1259
59652,10
59691,60
59728,8
59740,7
59742,8
59812,12
59995,9
60019,7
60077,5
60100,14
60194,16
60208,6
60235,22
60531,21
60608,28
60643,9
60675,45
60684,12
60779,9
60825,15
60886,43
60986,205
61023,53
61126,6
61130,8
61180,28
61189,10
61196,7
61269,23
61278,46
61290,5
61337,11
61388,9
61441,7
61453,6
61501,14
61540,8
61555,40
61610,10
61632,26
61646,11
61681,9
61721,29
61751,44
61811,20
61927,36
61940,21
62001,24
62044,59
62059,37
62122,26
62235,19
62260,9
62394,40
62406,19
62419,26
62475,19
62483,25
62558,48
62572,53
62577,31
62597,31
62621,41
62627,23
62701,50
62727,15
62747,11
62751,35
62754,14
62757,40
62834,9
62846,18
62868,19
62891,20
62981,34
62993,11
63013,28
63048,20
63053,81
63085,10
63207,13
63263,30
63265,19
63283,18
63307,43
63321,12
63480,32
63536,26
63589,8
63684,12
63689,16
63752,22
63854,24
63864,8
63920,6
63949,6
64066,12
64091,25
64114,7
64142,8
64207,7
64227,22
64249,36
64294,64
64391,14
64447,10
64457,10
64496,29
64619,76
64682,9
64716,10
64723,17
64740,20
64746,17
64810,21
64825,21
64826,21
64903,30
64947,20
64967,42
64984,13
65035,11
65075,13
65083,28
65135,44
65153,44
65359,25
65447,64
65587,26
65588,20
65604,9
65675,28
65703,94
65749,26
65752,32
65795,21
65843,18
65867,31
65890,25
65894,27
65978,18
66000,11
66070,64
66115,58
66125,10
66139,24
66177,10
66182,20
66251,29
66275,26
66285,23
66335,23
66342,21
66368,42
66405,9
66431,15
66437,28
66466,15
66488,9
66510,6
66612,28
66662,69
66669,7
66756,6
66835,9
66855,16
66865,69
66898,6
66900,23
66942,15
67001,104
67034,37
67088,28
67132,15
67283,11
67325,9
67404,13
67421,110
67497,29
67525,16
67533,9
67553,8
67604,7
67619,20
67650,8
67680,10
67738,38
67752,13
67783,20
67810,34
67878,18
67910,17
67923,11
67936,9
68021,13
68026,34
68163,20
68196,18
68295,30
68316,30
68338,20
68362,41
68389,29
68399,36
68439,22
68495,34
68523,50
68553,13
68638,46
68672,15
68792,32
68825,23
68871,20
68874,40
68905,52
68988,18
68996,16
69016,55
69027,47
69071,8
69126,21
69184,9
69207,19
69228,20
69299,20
69332,25
69351,11
69404,10
69420,7
69502,5
69559,17
69579,6
69630,12
69671,60
69745,8
69758,232
69780,41
69812,5
69947,7
69987,7
70045,9
70127,19
70179,5
70315,15
70359,13
70385,6
70418,5
70439,16
70459,9
70653,6
70723,6
70788,6
70789,11
70791,9
70838,5
70841,8
70863,9
70869,7
70900,6
70917,8
70928,6
70956,361
71031,5
71076,76
71083,9
71109,31
71122,6
71153,10
71155,8
71198,9
71200,20
71305,11
71443,8
71497,5
71546,7
71583,11
71624,34
71730,5
71768,5
71769,9
71776,32
71855,6
71889,7
71974,5
71997,5
72003,12
72054,5
72115,5
72202,5
72239,8
72244,6
72277,29
72340,6
72465,20
72496,21
72524,6
72646,5
72727,13
72729,9
72783,11
72895,10
72932,10
72979,6
73006,7
73015,7
73043,7
73112,7
73165,8
73234,11
73333,5
73403,40
73439,25
73567,20
73613,8
73626,8
73671,30
73769,11
73785,16
73808,20
73838,36
73902,17
73943,43
74000,32
74042,34
74202,32
74217,57
74253,23
74329,18
74337,10
74356,9
74378,23
74387,31
74388,28
74394,12
74408,18
74412,18
74432,19
74484,9
74610,10
74639,32
74690,26
74705,19
74710,21
74768,29
74776,23
74786,30
74789,29
74794,50
74929,21
74938,22
74944,55
74945,27
74996,19
75044,27
75058,9
75068,37
75095,13
75123,84
75129,86
75138,9
75176,9
75198,24
75208,36
75209,46
75275,21
75287,20
75295,37
75301,13
75350,23
75454,10
75505,17
75678,23
75708,92
75748,24
75769,23
75772,98
75806,20
75810,7
75818,7
75831,7
75848,10
75884,21
75899,6
75949,8
75964,7
75982,5
75987,7
76106,170
76171,8
76223,13
76246,5
76252,7
76311,7
76333,19
76354,6
76394,118
76407,7
76574,16
76589,77
76594,30
76608,5
76620,5
76624,7
76746,11
76763,13
76783,6
76870,42
76903,8
76940,5
76952,6
76954,8
76968,14
76991,42
76993,30
77023,7
77032,12
77075,11
77112,16
77205,171
77218,42
77244,9
77311,8
77378,9
77404,18
77407,6
77410,71
77415,25
77475,8
77633,7
77685,6
77739,6
77820,5
77830,7
77934,6
77948,6
77982,5
78056,6
78059,8
78070,10
78095,5
78111,5
78112,9
78113,15
78127,8
78144,9
78209,46
78301,36
78320,22
78386,12
78430,32
78431,8
78500,17
78514,5
78594,9
78614,6
78633,9
78690,7
78709,53
78790,9
78855,7
78983,9
79070,12
79110,44
79287,22
79293,14
79323,121
79349,38
79439,183
79547,39
79558,30
79566,10
79609,11
79625,43
79698,12
79824,10
79879,5
79950,6
79966,6
80002,6
80044,6
80095,16
80122,35
80123,6
80143,6
80152,11
80162,248
80171,11
80207,6
80238,15
80282,28
80320,7
80402,118
80422,8
80440,42
80450,11
80471,55
80489,21
80510,15
80567,38
80591,20
80593,23
80607,24
80685,27
80690,11
80722,30
80746,41
80806,11
80895,63
80963,21
80973,57
81061,9
81097,12
81106,98
81115,61
81154,11
81278,25
81404,40
81413,35
81414,12
81431,11
81434,7
81438,195
81444,35
81454,20
81475,11
81508,8
81531,10
81554,9
81678,9
81689,24
81730,7
81732,7
81735,28
81752,14
81803,10
81843,18
81881,166
81970,40
82081,20
82119,26
82148,22
82149,24
82173,18
82187,36
82233,38
82245,65
82262,26
82288,19
82306,21
82331,18
82377,32
82428,18
82429,45
82457,38
82562,20
82567,29
82606,27
82663,33
82690,13
82733,15
82786,13
82787,13
82810,19
82826,8
82878,6
82894,7
82982,27
83059,434
83126,27
83163,27
83202,23
83219,5
83365,10
83368,15
83373,8
83377,76
83425,7
83568,24
83576,41
83634,7
83663,10
83681,9
83733,16
83776,12
83849,7
83852,11
83881,7
83910,14
83959,35
83992,18
84025,17
84035,11
84057,24
84063,9
84078,10
84215,5
84269,6
84340,6
84344,8
84350,7
84483,6
84489,6
84491,17
84510,20
84563,11
84595,5
84602,5
84692,8
84737,7
84793,14
84799,38
84874,28
84876,6
84890,70
84927,6
84959,6
85070,38
85095,10
85126,26
85206,7
85258,8
85294,11
85309,9
85438,11
85461,43
85501,271
85535,10
85595,16
85719,20
85729,11
85737,9
85777,9
85805,23
85868,61
85902,29
85918,27
85948,20
86083,32
86094,30
86142,48
86157,22
86220,31
86282,15
86285,9
86336,108
86402,21
86436,56
86486,11
86532,28
86537,11
86554,11
86571,10
86635,14
86704,7
86784,10
86856,97
86874,13
86928,17
87076,81
87104,7
87122,13
87141,34
87252,147
87261,23
87329,15
87353,22
87420,9
87517,7
87521,26
87543,7
87554,9
87608,12
87618,20
87619,8
87660,28
87691,55
87724,7
87780,91
87786,6
87795,18
87827,5
87857,17
87892,5
87930,10
87938,5
87948,13
87974,15
87978,5
88063,11
88123,7
88128,6
88208,9
88249,7
88359,6
88403,5
88422,6
88423,6
88494,8
88574,15
88597,10
88641,7
88644,8
88688,1723
88727,8
88796,6
88837,15
88838,6
88865,7
88872,6
88925,6
88956,6
88976,5
89021,5
89081,14
89102,31
89119,10
89217,9
89382,9
89515,7
89539,11
89591,209
89638,8
89643,10
89650,6
89668,12
89680,13
89733,7
89762,6
89778,8
89838,9
89931,22
89987,9
90004,6
90068,8
90169,31
90261,9
90361,6
90519,7
90536,18
90594,9
90599,11
90600,15
90750,8
90812,18
90825,8
90885,11
90920,5
90989,5
91010,6
91022,14
91039,5
91059,53
91094,25
91096,45
91102,5
91110,7
91137,10
91196,6
91259,39
91289,166
91306,32
91348,6
91563,5
91622,16
91635,6
91660,5
91666,22
91728,5
91757,43
91797,48
91818,22
91874,6
91883,6
91894,14
91911,17
91928,35
92162,20
92175,6
92180,10
92181,39
92255,6
92330,8
92384,13
92481,7
92491,22
92502,12
92641,13
92648,43
92693,25
92730,22
92820,31
93009,55
93047,21
93099,45
93171,26
93192,26
93215,21
93254,13
93259,14
93338,11
93346,12
93363,31
93421,8
93452,89
93466,14
93483,11
93500,17
93514,24
93550,305
93578,35
93625,536
93628,8
93633,12
93653,21
93730,276
93765,17
93766,11
93780,13
93781,13
93798,12
93874,13
93903,22
93941,18
93952,22
94030,120
94090,24
94096,18
94256,11
94281,19
94288,47
94331,18
94335,21
94397,19
94398,41
94426,51
94431,44
94525,32
94558,10
94565,9
94639,19
94736,9
94768,50
94778,11
94787,12
94817,10
94967,16
95009,10
95013,21
95062,31
95064,16
95129,14
95233,9
95236,18
95292,6
95366,11
95466,17
95498,32
95629,14
95674,15
95794,39
95800,6
95952,18
95984,16
95993,13
96065,55
96074,10
96101,6
96122,10
96245,8
96273,14
96299,6
96306,11
96319,7
96340,6
96367,8
96430,21
96436,94
96450,6
96525,5
96543,10
96565,15
96570,13
96618,33
96675,7
96712,14
96724,15
96731,53
96791,41
96823,7
96830,22
96877,6
96887,8
96914,9
96941,16
96950,20
96951,17
97009,12
97027,20
97063,11
97065,14
97094,84
97100,11
97142,7
97160,62
97190,17
97198,32
97343,52
97373,37
97407,30
97513,36
97573,39
97580,26
97601,50
97662,21
97663,12
97828,13
97831,43
97843,12
97859,39
97890,9
97934,6
97939,51
97983,9
98112,5
98125,5
98170,24
98184,6
98220,7
98278,8
98283,7
98300,6
98313,9
98330,6
98346,5
98356,6
98419,7
98473,13
98498,6
98544,7
98562,8
98649,10
98719,9
98754,5
98783,10
98830,16
98873,6
98902,18
98976,50
98985,8
99010,66
99014,9
99065,27
99105,12
99135,65
99206,9
99227,15
99236,16
99288,6
99305,10
99316,8
99325,18
99350,17
99365,10
99380,7
99386,9
99405,11
99413,8
99509,11
99529,9
99544,10
99655,104
99677,21
99700,6
99721,23
99739,12
99771,7
99772,63
99957,11
99967,31
99972,10
99980,22
99997,11
100002,11
100099,17
100107,7
100109,14
100260,15
100393,7
100423,6
100451,7
100514,11
100535,7
100674,6
100818,6
100864,11
100894,58
100957,10
100977,22
101016,33
101034,31
101035,48
101053,28
101076,22
101159,62
101184,19
101228,13
101238,13
101247,15
101306,13
101355,10
101363,10
101398,12
101406,48
101419,73
101439,22
101440,275
101446,126
101462,13
101537,12
101556,13
101597,38
101604,16
101615,11
101655,10
101709,20
101727,7
101743,30
101769,10
101840,13
101933,14
101985,9
102005,12
102025,6
102127,6
102160,14
102303,9
102306,16
102393,9
102404,7
102406,11
102416,24
102434,9
102502,8
102518,8
102645,8
102649,5
102669,10
102689,13
102711,16
102724,7
102734,32
102742,18
102783,9
102804,7
102810,392
102917,10
102927,9
102951,21
103007,12
103008,11
103029,21
103032,21
103070,11
103179,17
103221,14
103285,8
103318,69
103553,7
103583,9
103586,22
103702,11
103794,39
103798,18
103802,25
103863,12
103885,11
103886,17
103892,10
104050,10
104061,28
104064,26
104206,55
104234,10
104237,39
104246,26
104418,99
104487,22
104507,20
104548,18
104670,14
104703,54
104713,49
104769,18
104810,36
104832,20
104914,28
104949,9
104963,33
105021,16
105023,8
105035,7
105046,96
105188,9
105228,22
105240,42
105262,11
105372,9
105481,7
105532,7
105536,20
105542,6
105543,6
105624,75
105675,22
105764,7
105771,390
105773,27
105786,126
105829,54
105848,15
105883,121
105925,10
106009,11
106015,7
106070,8
106080,12
106111,16
106274,14
106289,23
106363,44
106367,22
106470,18
106512,61
106515,18
106533,25
106578,26
106603,13
106689,49
106747,29
106784,19
106836,18
106929,9
107035,28
107132,9
107165,11
107166,20
107246,10
107274,75
107348,7
107351,12
107382,8
107508,30
107519,20
107535,26
107562,12
107917,15
107973,18
108059,25
108160,26
108356,18
108374,30
108388,32
108430,62
108478,38
108492,30
108561,18
108672,24
108739,18
108816,35
108818,15
108844,29
108978,18
109002,7
109007,49
109092,9
109097,13
109193,5
109194,7
109209,186
109239,5
109263,7
109298,8
109304,91
109321,14
109371,10
109404,5
109408,6
109442,16
109482,10
109510,10
109559,7
109650,5
109669,6
109678,8
109704,6
109790,93
109858,17
109875,6
109918,7
109955,12
110014,7
110049,8
110083,14
110105,40
110120,20
110125,16
110157,78
110229,13
110233,549
110238,9
110252,6
110284,10
110349,18
110374,33
110384,7
110491,6
110498,6
110501,8
110522,11
110537,7
110585,7
110605,8
110680,7
110735,20
110776,18
110840,6
110907,7
110956,26
110977,21
111136,32
111142,9
111176,10
111230,14
111243,16
111411,12
111489,9
111600,24
111699,26
111720,42
111722,22
111745,17
111756,11
111803,27
111851,19
111896,13
111906,9
111944,196
111945,30
111989,14
112005,18
112075,21
112128,24
112161,20
112175,50
112237,21
112255,18
112309,49
112412,23
112458,24
112471,19
112473,18
112555,60
112588,34
112688,62
112742,19
112793,34
112828,27
112853,18
112863,24
112898,61
112930,31
112972,17
113014,10
113051,218
113094,7
113105,6
113137,7
113244,63
113269,25
113328,20
113329,24
113355,34
113365,19
113395,37
113547,35
113605,16
113608,17
113609,19
113612,59
113652,10
113668,10
113669,16
113754,19
113756,19
113778,40
113858,29
113876,21
113905,25
113936,22
113942,19
113982,29
114014,19
114149,51
114203,48
114238,37
114355,44
114385,35
114451,21
114500,51
114586,40
114600,36
114665,80
114735,11
114765,43
114807,20
114839,23
114900,29
114908,34
114923,32
114997,40
115013,16
115073,17
115078,11
115098,11
115121,180
115143,26
115170,10
115174,11
115299,16
115319,15
115340,11
115355,10
115356,14
115430,12
115440,71
115450,11
115521,17
115554,39
115582,13
115583,14
115606,9
115679,46
115786,8
115836,10
115837,8
115883,8
115906,9
116028,9
116034,8
116049,12
116064,17
116140,7
116155,15
116252,10
116286,20
116311,5
116317,22
116398,30
116444,53
116448,7
116486,7
116522,9
116543,9
116637,10
116647,19
116756,11
116857,38
116870,9
116872,87
116947,20
116956,13
117004,10
117044,11
117116,18
117192,21
117222,20
117273,25
117274,32
117305,28
117332,32
117370,30
117550,17
117650,13
117705,9
117746,16
117844,8
117860,25
117913,8
117921,12
117944,15
117950,20
117997,46
118021,9
118046,186
118184,23
118202,13
118375,6
118386,10
118397,10
118427,41
118428,8
118446,33
118485,8
118507,26
118515,11
118538,36
118553,10
118563,20
118692,166
118844,17
118907,31
118982,9
119023,21
119080,20
119090,18
119100,17
119230,9
119277,6
119280,8
119284,6
119291,9
119423,12
119447,50
119492,17
119527,14
119533,8
119617,12
119622,18
119631,9
119667,5
119818,15
119832,31
119850,7
119853,11
119894,12
119912,10
119935,15
119958,8
120011,5
120075,21
120127,12
120158,6
120242,17
120282,10
120295,7
120336,17
120450,7
120467,20
120506,9
120512,9
120513,41
120523,100
120553,8
120629,15
120695,10
120704,15
120729,8
120752,8
120780,8
120804,23
120820,7
120920,16
120923,11
120949,9
120971,36
121016,53
121027,11
121050,26
121077,63
121086,61
121094,27
121166,37
121202,40
121269,35
121338,11
121372,40
121422,6
121445,10
121556,11
121564,10
121566,16
121658,10
121669,18
121677,25
121769,30
121826,9
121900,82
121945,7
121995,1300
121996,31
122107,8
122121,26
122137,26
122220,31
122269,8
122271,9
122358,11
122368,21
122433,54
122509,16
122536,47
122556,38
122576,17
122596,28
122680,160
122703,6
122715,7
122769,10
122785,27
122793,13
122797,9
122800,8
122828,7
122833,11
122898,9
122932,18
122956,42
122964,10
122971,34
123001,11
123053,36
123153,27
123193,10
123260,12
123294,13
123329,15
123455,30
123489,54
123522,23
123665,16
123695,19
123799,8
123824,11
123854,17
123873,26
123885,22
123887,22
123965,25
124049,24
124065,12
124144,6
124155,6
124316,77
124322,6
124381,7
124395,8
124483,7
124515,5
124528,7
124549,12
124700,8
124708,42
124716,8
124799,6
124887,5
124916,9
124974,7
125063,8
125065,16
125069,55
125133,13
125176,5
125190,668
125195,7
125215,8
125225,6
125242,10
125349,5
125455,8
125570,15
125573,5
125580,8
125611,6
125642,53
125667,28
125674,29
125720,6
125739,11
125757,30
125763,6
125766,9
125808,8
125851,5
125899,14
125900,13
125906,9
125923,9
125928,7
125954,7
125969,15
126021,5
126057,11
126139,10
126150,86
126153,22
126212,13
126234,5
126240,5
126288,13
126307,8
126310,7
126313,5
126360,6
126370,14
126390,8
126391,9
126423,107
126442,13
126465,24
126478,9
126508,11
126531,8
126552,28
126649,124
126687,11
126689,11
126742,17
126750,9
126754,23
126797,45
126807,19
126816,35
126824,30
126886,41
126921,22
127000,18
127080,19
127111,12
127153,16
127229,10
127230,13
127252,10
127259,23
127269,7
127311,6
127367,144
127370,8
127498,14
127515,7
127520,5
127525,5
127539,11
127569,12
127628,9
127641,9
127666,8
127727,7
127731,6
127744,8
127815,9
127825,16
127870,26
127876,9
127877,150
127885,7
127902,11
128045,46
128097,19
128119,12
128177,62
128268,15
128292,75
128314,7
128341,8
128452,15
128472,45
128515,10
128542,8
128573,6
128650,35
128657,440
128703,11
128732,8
128767,12
128778,18
128779,7
128797,8
128872,10
128908,5
128963,33
128996,188
129038,8
129051,22
129058,6
129062,10
129084,88
129143,7
129184,10
129333,7
129341,11
129384,24
129394,10
129432,10
129433,12
129455,60
129480,58
129550,28
129568,34
129602,57
129613,37
129667,25
129669,40
129811,22
129826,9
129852,17
129872,87
129893,9
129913,14
129922,22
129931,21
129939,22
129982,61
129983,20
129994,41
130012,28
130018,38
130093,14
130134,16
130196,12
130275,12
130308,9
130324,13
130453,18
130496,18
130504,24
130551,27
130575,33
130581,17
130680,37
130756,12
130794,12
130843,21
130996,22
131015,21
131023,27
131070,19
131084,26
131124,57
131130,17
131166,18
131252,21
131332,10
131333,190
131347,20
131381,10
131443,7
131622,7
131626,9
131804,22
131854,15
131892,23
131906,16
131918,60
131919,18
131931,18
131949,33
131979,31
131993,49
132013,20
132014,25
132052,17
132092,37
132231,59
132314,119
132376,38
132446,32
132568,21
132642,37
132786,22
132832,17
132868,36
132988,57
133006,79
133019,10
133083,11
133084,9
133118,73
133119,13
133135,15
133141,12
133152,19
133288,9
133310,8
133385,18
133401,6
133404,15
133436,22
133466,6
133491,7
133559,7
133571,7
133607,12
133741,9
133752,19
133764,7
133914,13
134115,17
134135,21
134166,34
134204,16
134274,7
134299,25
134373,8
134404,14
134414,7
134449,6
134541,7
134583,8
134642,7
134653,17
134654,6
134756,13
134775,18
134789,9
134814,14
134831,10
134837,21
134840,9
134885,23
134919,12
134937,10
134949,19
135029,15
135066,50
135146,68
135168,58
135285,39
135300,19
135341,13
135387,12
135407,27
135417,45
135441,20
135444,188
135465,113
135585,12
135606,44
135629,58
135749,23
135751,11
135789,9
135814,9
135819,9
135859,11
135933,6
136027,120
136109,11
136226,9
136240,7
136250,12
136405,15
136409,16
136411,6
136435,54
136440,13
136462,6
136506,28
136531,12
136536,14
136544,11
136627,10
136642,27
136645,7
136707,15
136830,15
136843,13
136922,52
136961,6
136993,5
137017,5
137089,50
137090,7
137101,30
137128,21
137136,7
137218,14
137247,10
137248,15
137303,12
137316,14
137411,11
137588,8
137640,29
137642,22
137659,30
137663,10
137685,16
137749,14
137768,10
137784,22
137797,16
137818,18
137835,60
137844,12
137854,58
137862,20
137898,27
137990,43
138058,85
138219,9
138313,23
138325,25
138327,39
138373,62
138519,56
138528,41
138531,58
138576,54
138577,23
138663,18
138709,92
138741,14
138785,17
138932,10
138940,9
139174,9
139211,81
139332,9
139335,8
139351,8
139406,17
139410,74
139412,18
139449,7
139460,8
139607,13
139661,16
139747,14
139801,11
139914,18
139919,19
139971,19
139982,21
140206,52
140282,13
140286,18
140324,57
140351,97
140406,7
140421,138
140444,6
140465,17
140492,9
140549,27
140599,9
140629,61
140652,12
140659,19
140666,12
140706,9
140717,19
140740,36
140755,19
140804,12
140837,27
140899,12
140938,7
140961,9
141022,11
141064,86
141116,13
141149,15
141172,8
141200,287
141238,16
141265,25
141385,32
141448,6
141473,70
141484,14
141489,9
141561,18
141652,7
141665,15
141732,42
141766,120
141837,71
141838,8
141983,6
141984,8
141988,127
142042,9
142065,15
142091,10
142127,9
142163,42
142212,78
142231,37
142236,26
142260,17
142273,23
142280,64
142301,64
142308,40
142330,41
142341,41
142344,16
142359,17
142485,66
142495,17
142543,11
142841,12
142843,20
142900,38
142910,20
143031,23
143041,11
143076,39
143117,9
143165,23
143214,28
143242,28
143243,32
143269,63
143323,20
143360,24
143361,35
143374,26
143416,28
143469,42
143498,48
143574,13
143630,10
143645,14
143667,12
143741,11
143745,16
143773,11
143851,9
144098,137
144257,36
144263,28
144393,23
144411,9
144465,9
144491,10
144495,31
144540,10
144549,11
144560,20
144617,16
144639,5
144655,36
144679,7
144748,9
144755,7
144767,17
144854,25
144891,9
144980,12
145060,11
145087,6
145126,7
145212,26
145226,8
145248,6
145366,8
145402,5
145410,74
145453,5
145483,5
145543,7
145655,7
145660,6
145687,7
145689,9
145788,12
145800,40
145844,50
145868,9
145881,12
145884,10
145965,11
145988,24
145996,64
146067,22
146072,62
146094,23
146130,10
146150,10
146167,31
146169,11
146198,10
146305,12
146323,9
146335,10
146361,29
146415,9
146473,18
146581,23
146590,37
146600,18
146671,24
146687,31
146704,20
146773,18
146786,20
146792,13
146798,10
146826,76
146829,12
146831,19
146850,17
146855,12
146856,16
146877,10
146919,28
146961,43
146972,13
147003,12
147020,20
147053,9
147072,10
147094,9
147120,31
147201,6
147283,22
147310,7
147343,18
147386,8
147437,14
147439,11
147474,32
147502,11
147538,12
147635,309
147676,55
147684,8
147706,7
147748,7
147827,7
147830,12
147917,27
147932,41
147971,27
148024,9
148039,11
148076,12
148077,10
148087,29
148131,40
148169,12
148216,12
148225,177
148259,21
148284,8
148304,9
148325,35
148362,15
148424,10
148449,46
148463,16
148477,89
148484,111
148541,101
148562,34
148585,83
148669,12
148689,9
148690,17
148757,61
148813,19
148895,21
148959,37
149004,117
149022,10
149054,14
149072,11
149188,9
149220,91
149246,9
149264,13
149266,13
149277,12
149340,35
149434,36
149491,10
149589,10
149590,11
149649,13
149688,12
149780,42
149935,27
149982,15
150057,28
150097,21
150136,20
150145,28
150161,30
150214,493
150268,50
150277,12
150279,7
150285,42
150337,8
150403,14
150454,11
150529,18
150641,12
150675,8
150725,7
150766,7
150769,6
150797,13
150863,10
150885,7
150918,36
150958,11
151016,30
151025,9
151042,25
151058,8
151144,41
151145,5
151148,11
151180,5
151190,6
151223,5
151261,5
151400,9
151401,18
151489,7
151621,1614
151758,249
151766,11
151869,7
151882,31
152020,24
152052,22
152095,6
152126,7
152133,13
152187,22
152214,12
152286,9
152317,18
152356,64
152399,33
152497,24
152515,36
152557,19
152583,14
152671,20
152707,19
152743,18
152782,25
152805,22
152812,51
152843,37
152928,17
152958,10
152968,43
152994,17
153002,97
153012,24
153096,15
153162,53
153181,33
153372,23
153412,43
153413,38
153423,27
153471,11
153520,12
153544,107
153552,24
153581,10
153582,18
153598,32
153701,13
153703,33
153728,18
153801,40
153852,13
153878,9
153902,16
153950,24
154023,37
154039,39
154098,22
154130,43
154216,19
154388,12
154393,31
154473,52
154573,54
154666,11
154680,26
154705,12
154721,16
154747,49
154750,19
154811,11
154835,56
154866,157
154877,10
154901,10
154923,5
154952,9
154957,7
154978,50
155011,7
155050,11
155084,8
155086,7
155089,53
155135,45
155162,10
155221,10
155258,12
155362,10
155381,30
155505,14
155592,18
155645,7
155716,30
155728,136
155741,10
155759,10
155787,16
155834,13
155847,9
155853,8
155891,7
155899,8
155955,30
156025,187
156048,47
156119,13
156124,7
156148,8
156170,26
156208,22
156216,21
156250,11
156287,94
156307,12
156316,14
156355,20
156381,6
156394,31
156400,26
156489,15
156505,10
156523,8
156528,9
156556,11
156631,29
156805,41
156832,16
156869,25
156885,12
156903,165
156962,72
156965,7
156989,6
157015,13
157021,90
157059,7
157139,7
157171,12
157230,17
157252,21
157294,7
157335,57
157358,9
157371,15
157386,12
157456,9
157470,39
157514,54
157589,44
157591,14
157617,41
157627,10
157636,13
157675,52
157726,17
157731,18
157823,28
157830,19
157841,19
157859,35
157924,50
157935,38
157938,11
157948,9
157966,10
157989,26
158001,122
158072,9
158090,44
158119,484
158168,7
158190,8
158253,11
158276,10
158287,10
158330,8
158365,84
158450,13
158453,16
158493,7
158507,7
158549,7
158663,10
158719,11
158762,15
158878,10
158999,7
159000,15
159083,6
159094,104
159110,60
159119,7
159164,10
159208,8
159240,23
159261,25
159278,11
159286,15
159316,8
159433,7
159463,175
159487,8
159492,15
159533,14
159681,13
159702,31
159703,13
159710,6
159736,9
159763,11
159882,48
159957,6
160005,38
160006,39
160007,19
160032,17
160074,12
160179,16
160223,27
160308,60
160316,14
160425,11
160480,22
160485,26
160488,34
160603,19
160641,27
160659,24
160734,42
160811,24
160813,20
160933,26
160968,13
161008,35
161056,10
161085,8
161278,50
161286,7
161291,7
161353,7
161399,69
161498,11
161576,10
161629,64
161674,24
161677,21
161723,13
161766,61
161866,52
161884,7
161922,11
161948,8
161955,16
161994,10
162007,7
162134,12
162227,143
162230,6
162253,7
162269,9
162385,90
162478,8
162479,8
162556,18
162561,14
162588,275
162662,237
162792,30
162814,9
162815,9
162828,264
162939,10
162955,33
162975,43
163002,27
163007,32
163023,24
163032,19
163104,29
163182,18
163190,38
163212,51
163253,46
163342,22
163381,10
163461,18
163471,10
163550,38
163570,12
163589,9
163594,9
163635,26
163677,9
163844,48
163897,19
163976,18
164041,32
164045,18
164073,240
164097,10
164122,109
164176,15
164183,12
164210,13
164276,21
164294,18
164320,21
164348,52
164370,31
164375,28
164459,52
164522,53
164560,39
164568,11
164606,15
164727,8
164771,16
164779,12
164892,19
164941,11
164959,26
165017,12
165048,32
165049,19
165072,45
165100,40
165135,22
165170,32
165196,24
165207,22
165242,24
165319,23
165324,10
165491,11
165590,17
165647,12
165697,18
165848,8
165865,5
165984,8
166139,22
166177,15
166258,24
166265,21
166316,6
166342,5
166364,16
166375,63
166390,10
166536,7
166551,47
166575,17
166576,10
166580,21
166737,9
166744,9
166753,11
166814,14
166836,12
166849,7
166879,8
166914,7
166953,10
166956,39
166973,22
167064,7
167096,8
167116,6
167127,114
167160,6
167184,16
167199,40
167393,5
167430,6
167465,7
167467,12
167481,6
167573,26
167621,13
167645,12
167691,128
167725,18
167757,6
167781,8
167782,9
167801,7
167840,14
167859,222
167877,6
167918,10
167950,10
167980,9
168001,5
168042,18
168046,10
168071,7
168086,9
168101,17
168116,84
168150,9
168162,68
168193,26
168218,15
168239,6
168274,8
168300,7
168308,160
168329,11
168335,21
168365,13
168367,39
168556,53
168596,12
168624,27
168634,240
168646,74
168733,21
168769,26
168795,63
168838,10
168859,21
168922,9
168934,9
168973,9
168986,10
168987,7
168990,7
169006,48
169012,7
169079,58
169114,7
169189,37
169292,12
169318,14
169356,74
169386,5
169390,6
169404,40
169453,15
169455,9
169463,22
169500,11
169525,9
169578,9
169594,10
169600,10
169630,10
169642,17
169728,12
169829,15
169830,9
169897,14
169901,11
169915,18
169920,39
169929,21
169982,12
170017,104
170021,17
170029,10
170071,12
170075,35
170162,15
170177,7
170193,10
170201,9
170245,7
170246,13
170266,37
170297,69
170345,96
170373,6
170443,5
170446,5
170585,13
170614,16
170655,8
170691,6
170701,42
170703,7
170822,9
170839,30
170933,14
170962,5
171022,9
171042,8
171056,8
171073,5
171096,6
171133,20
171155,24
171169,44
171219,9
171360,6
171387,87
171397,5
171443,6
171452,52
171500,6
171509,8
171549,9
171595,9
171642,12
171653,8
171664,38
171737,5
171750,8
171782,5
171906,13
171911,6
171927,44
171951,6
172030,7
172091,7
172207,19
172230,56
172306,150
172329,46
172356,23
172432,24
172436,9
172473,20
172509,26
172510,11
172557,21
172602,8
172640,11
172644,21
172670,15
172687,33
172703,270
172723,7
172736,8
172765,33
172790,6
172814,31
172855,10
172867,9
172973,17
173001,10
173005,8
173009,9
173029,30
173055,47
173059,36
173109,11
173110,21
173125,41
173327,41
173372,11
173401,8
173404,9
173417,9
173520,28
173565,21
173646,9
173672,6
173673,10
173685,9
173693,9
173750,7
173829,17
173836,8
173875,6
173892,11
173908,12
173916,9
173932,7
173992,11
173998,249
174014,48
174059,42
174064,9
174125,174
174142,23
174167,11
174267,12
174277,27
174283,24
174320,24
174348,24
174374,26
174432,21
174498,27
174561,32
174695,12
174704,18
174721,20
174803,47
174851,26
174853,35
174876,45
175040,30
175050,16
175061,17
175066,19
175089,10
175092,11
175153,69
175178,19
175232,23
175352,26
175400,17
175428,51
175452,18
175464,12
175490,102
175511,10
175625,18
175644,91
175660,6
175685,28
175694,17
175791,23
175814,7
175830,8
175851,12
176037,476
176050,10
176102,51
176240,13
176248,24
176263,18
176290,36
176341,21
176358,12
176393,6
176396,34
176422,1480
176441,69
176447,31
176528,10
176556,13
176561,7
176575,38
176628,33
176672,7
176674,11
176724,32
176728,9
176744,8
176747,12
176785,30
176800,14
176801,9
176842,8
176966,33
176995,10
177009,122
177010,518
177034,12
177074,9
177078,5
177162,9
177204,9
177229,12
177273,8
177295,18
177299,15
177306,6
177310,6
177365,5
177373,18
177414,21
177432,7
177446,8
177491,18
177549,8
177636,5
177679,6
177739,18
177755,7
177770,6
177824,14
177838,14
177845,47
177862,5
177887,11
177912,6
177916,6
177955,8
178064,11
178075,110
178157,7
178304,31
178327,5
178334,6
178348,15
178388,5
178395,22
178452,13
178524,7
178549,13
178553,8
178555,7
178558,6
178564,22
178596,9
178674,5
178703,6
178799,5
178822,5
178834,9
178901,7
179007,30
179021,8
179030,9
179067,39
179313,22
179418,12
179440,48
179448,15
179457,10
179490,12
179497,34
179506,22
179544,25
179599,9
179606,131
179670,15
179796,6
179819,12
179826,25
179830,11
179876,38
179883,9
179891,12
179921,16
179971,18
179972,23
179974,35
180226,65
180230,40
180245,72
180323,5
180349,39
180378,5
180416,7
180458,21
180527,15
180548,28
180561,58
180581,22
180603,28
180604,29
180618,18
180636,36
180644,182
180666,6
180681,8
180757,23
180782,11
180854,7
180863,169
180887,9
180930,6
180977,53
181010,6
181032,6
181043,6
181108,7
181113,11
181167,13
181283,9
181297,29
181336,9
181379,21
181489,10
181512,18
181553,6
181640,19
181660,10
181696,5
181777,12
181780,8
181805,5
181827,10
181835,6
181838,7
181882,6
181890,7
181978,7
181996,55
182066,12
182115,83
182137,22
182222,14
182237,9
182250,18
182286,9
182301,8
182311,10
182333,63
182336,33
182341,58
182347,16
182381,59
182384,11
182395,25
182453,22
182480,19
182492,19
182494,34
182588,21
182650,45
182674,30
182677,30
182699,19
182730,9
182766,6
182917,16
182948,6
182974,7
183022,6
183032,13
183095,9
183143,22
183179,71
183228,16
183253,19
183272,14
183340,5
183377,6
183389,10
183396,13
183410,6
183479,9
183535,5
183647,6
183719,6
183730,19
183805,5
183817,43
183848,62
183903,5
183969,8
184061,284
184120,6
184160,14
184169,13
184266,15
184384,13
184412,5
184415,11
184416,8
184509,23
184628,6
184641,7
184646,59
184648,5
184704,7
184719,23
184781,20
184783,8
184794,11
184867,6
184929,6
184973,6
185005,31
185023,24
185026,268
185090,10
185105,38
185249,17
185262,8
185294,9
185373,11
185379,191
185388,17
185398,34
185536,46
185539,6
185599,6
185611,7
185662,8
185701,30
185709,52023
185714,7
185725,5
185844,8
185879,6
185903,12
185976,5
185991,5
186028,6
186131,25
186133,10
186248,5
186254,16
186281,5
186283,12
186291,8
186322,30
186442,7
186454,8
186461,22
186480,74
186507,8
186526,14
186530,74
186578,9
186631,14
186645,67
186750,18
186860,24
186909,28
186946,6
186976,12
187035,6
187038,11
187064,38
187113,13
187114,69
187159,7
187174,10
187222,6
187233,34
187274,5
187312,8
187362,97
187426,6
187432,21
187457,5
187518,10
187569,5
187576,5
187841,11
187878,10
188034,6
188046,7
188051,7
188091,6
188095,29
188116,568
188203,9
188221,17
188249,10
188284,30
188285,17
188287,10
188349,73
188379,12
188380,15
188399,12
188487,15
188531,27
188552,21
188563,18
188714,22
188729,55
188730,25
188753,25
188771,19
188772,55
188796,47
188913,34
188939,29
188976,33
188989,38
189001,21
189033,19
189035,24
189117,30
189224,63
189326,12
189338,35
189461,35
189509,11
189510,11
189566,42
189602,42
189651,26
189659,97
189690,35
189844,18
189868,13
189928,18
189943,6
190013,18
190102,9
190133,11
190205,7
190299,5
190318,16
190352,12
190379,28
190380,12
190382,12
190405,8
190434,9
190444,10
190460,9
190471,11
190478,17
190509,7
190540,1301
190593,11
190707,7
190726,14
190733,9
190794,11
190828,6
190954,65
190979,41
191001,6
191034,12
191057,16
191065,11
191086,12
191271,51
191295,22
191326,45
191366,18
191369,21
191493,24
191560,23
191578,16
191598,36
191600,7
191629,7
191656,7
191675,7
191769,26
191771,69
191818,10
191880,13
191911,18
191915,20
191953,31
192024,26
192064,17
192066,24
192129,30
192392,73
192410,14
192513,33
192561,10
192584,12
192676,40
192677,29
192764,9
192853,9
192926,23
192944,19
192951,23
192972,24
193060,26
193098,40
193110,38
193152,45
193239,31
193244,37
193267,24
193317,18
193325,49
193331,34
193344,18
193366,10
193466,54
193486,12
193489,9
193505,10
193506,34
193562,39
193578,11
193579,19
193589,27
193591,40
193592,39
193808,48
193887,31
193908,23
193930,10
193946,11
193952,18
193976,15
193978,127
194017,11
194046,18
194073,29
194076,56
194128,18
194143,27
194206,32
194291,51
194339,35
194358,12
194359,13
194421,16
194478,19
194479,22
194518,42
194527,19
194588,24
194612,15
194623,12
194635,16
194805,13
194896,9
194900,7
194916,46
194921,9
194963,35
194969,26
194997,43
195071,36
195090,71
195137,7
195181,16
195231,13
195274,10
195304,17
195329,20
195334,48
195391,13
195430,150
195459,9
195478,17
195482,34
195517,55
195553,39
195587,19
195589,19
195647,18
195666,23
195683,55
195690,20
195708,36
195717,18
195724,23
195774,25
195898,23
195901,26
195991,24
196028,40
196073,35
196083,49
196102,43
196121,11
196150,9
196302,7
196306,9
196326,17
196376,11
196422,8
196474,15
196496,20
196558,42
196582,6
196674,32
196714,12
196777,12
196800,23
196807,30
196820,55
196875,20
196894,27
196909,23
196983,20
197033,40
197091,9
197195,16
197203,16
197212,7
197216,31
197259,24
197270,9
197408,27
197477,11
197517,48
197536,10
197577,15
197591,23
197645,72
197695,39
197721,52
197725,23
197775,29
197780,54
197826,37
197859,18
198007,52
198077,24
198127,36
198130,173
198175,36
198183,11
198201,70
198341,13
198366,6
198492,18
198495,78
198502,12
198504,10
198535,14
198626,30
198639,71
198809,16
198853,17
198916,13
198949,5
198954,8
199123,19
199188,5
199260,6
199307,9
199331,5
199391,526
199406,7
199443,5
199478,11
199501,6
199508,15
199547,8
199554,7
199617,7
199752,33
199789,46
199813,18
199816,12
199919,12
199953,76
199972,18
199976,13
199984,17
200025,14
200116,16
200145,24
200175,6
200185,6
200203,11
200310,9
200327,14
200334,12
200368,10
200381,59
200528,26
200531,26
200534,11
200575,6
200758,11
200780,13
200847,14
200872,6
200982,8
201004,6
201015,6
201063,11
201103,10
201112,5
201116,10
201126,6
201223,9
201279,13
201284,13
201351,7
201443,28
201452,10
201472,31
201479,9
201583,22
201593,11
201668,10
201735,99
201769,22
201803,13
201811,9
201820,9
201923,9
201985,61
201987,5
202056,6
202066,5
202112,14
202196,6
202200,26
202236,27
202237,70
202290,5
202317,8
202332,7
202369,13
202439,6
202448,6
202453,6
202458,13
202486,9
202523,5
202692,9
202732,32
202744,13
202837,6
202857,10
202867,14
202912,93
202969,7
202999,30
203005,9
203100,14
203125,12
203140,19
203141,61
203178,17
203184,13
203202,14
203252,10
203271,10
203305,15
203416,15
203549,101
203583,41
203619,18
203841,30
203913,48
203975,21
204015,24
204028,54
204251,19
204253,21
204304,10
204323,15
204337,35
204340,15
204444,29
204447,6
204512,10
204520,9
204523,12
204722,30
204766,26
204840,9
204847,7
204934,75
204953,11
204996,12
205065,10
205074,12
205089,32
205128,33
205220,10
205238,10
205286,17
205449,7
205450,11
205556,7
205597,7
205638,7
205655,10
205660,24
205708,16
205746,6
205762,25
205775,10
205809,40
206013,163
206051,9
206216,13
206217,11
206238,13
206275,10
206287,16
206373,9
206377,10
206378,14
206386,31
206393,9
206410,41
206425,14
206451,32
206484,152
206564,33
206571,23
206573,37
206663,42
206714,27
206781,18
206859,24
206912,20
206947,14
206974,13
207002,20
207049,22
207063,16
207116,9
207131,20
207134,14
207137,11
207159,13
207294,9
207338,18
207344,22
207377,18
207410,17
207546,10
207596,24
207611,20
207647,26
207736,15
207752,17
207770,75
207843,16
207924,12
207961,7
207994,5
208000,6
208011,6
208023,9
208030,6
208133,22
208153,7
208222,19
208425,18
208482,7
208522,11
208616,78
208647,9
208733,29
208768,49
208801,5
208830,32
208913,11
208964,7
208966,322
209005,5
209012,8
209207,5
209253,7
209303,6
209408,6
209442,17
209449,132
209505,27
209526,9
209534,5
209631,17
209636,15
209697,19
209787,13
209808,5
209856,12
209888,20
209936,6
210077,21
210196,9
210205,8
210237,7
210340,7
210357,6
210367,9
210371,8
210372,5
210388,21
210426,293
210461,19
210466,11
210504,50
210509,33
210510,10
210555,7
210636,18
210644,15
210646,8
210680,9
210744,32
210906,6
210974,13
210997,5
211057,6
211078,8
211174,12
211213,7
211220,12
211263,56
211286,22
211327,7
211392,20
211432,13
211446,13
211530,6
211535,10
211584,15
211588,21
211634,6
211694,15
211726,11
211735,10
211766,7
211836,5
211840,6
211860,79
211874,13
211886,423
211944,6
211986,5
211990,9
212012,5
212151,10
212164,30
212169,11
212208,7
212240,11
212317,8
212497,6
212505,35
212542,11
212590,9
212734,7
212767,26
212779,13
212782,11
212922,18
212966,6
213079,53
213169,9
213181,8
213236,5
213379,7
213409,67
213433,6
213444,10
213447,8
213461,6
213463,5
213540,8
213610,26
213611,10
213628,30
213644,8
213679,27
213698,30
213700,8
213776,6
213777,200
213788,5
213799,31
213802,38
213847,10
213968,26
213992,5
214019,246
214032,5
214093,160
214098,4083
214133,12
214146,8
214150,11
214153,24
214167,8
214241,5
214277,7
214367,18
214395,20
214503,2547
214521,44
214529,7
214695,6
214712,6
214735,17
214770,18
214772,29
214862,15
214868,11
214877,13
214879,7
214884,14
214889,22
214917,18
214921,6
214928,11
214933,3462
214944,20
214972,7
215060,9
215095,11
215126,14
215128,11
215141,7
215177,18
215190,30
215339,12
215348,12
215360,97
215361,18
215368,16
215410,19
215418,9
215433,11
215437,13
215464,10
215564,13
215603,33
215740,31
215772,13
215793,11
215795,32
215799,41
215820,14
215856,26
215867,9
215906,33
215942,94
216083,55
216199,45
216306,23
216317,13
216318,11
216366,17
216376,8
216401,10
216495,29
216504,10
216587,23
216605,29
216722,33
216735,44
216769,19
216786,42
216787,31
216874,22
216985,18
217015,19
217057,10
217147,57
217203,49
217228,27
217261,27
217267,9
217287,12
217349,9
217366,20
217375,9
217407,13
217408,18
217412,10
217431,9
217445,14
217447,12
217453,11
217516,21
217523,12
217527,26
217542,9
217559,9
217580,13
217589,25
217717,48
217726,21
217748,26
217789,9
217790,58
217803,13
217825,30
217877,7
217925,8
218005,5
218006,19
218047,9
218065,7
218078,8
218088,11
218098,24
218113,35
218140,8
218173,7
218213,8
218268,6
218271,17
218299,10
218339,21
218384,5
218386,7
218407,5
218470,69
218475,7
218479,61
218523,7
218527,40
218554,13
218573,27
218601,5
218602,5
218626,19
218674,15
218730,6
218753,576
218773,89
218783,19
218827,109
218911,18
218946,7
218973,11
218993,7
219097,11
219125,10
219221,7
219235,12
219288,14
219347,6
219371,7
219442,11
219463,7
219476,9
219496,18
219507,7
219512,7
219571,6
219573,10
219600,20
219612,11
219626,7
219693,32
219694,12
219710,13
219739,6
219884,51
219895,11
219922,7
219927,8
219940,36
219946,8
219984,6
220073,10
220077,34
220100,9
220115,6
220125,6
220168,14
220197,10
220236,17
220246,269
220415,11
220634,8
220762,32
220783,150
220809,6
220834,11
220907,88
221034,11
221065,31
221084,15
221087,9
221125,9
221142,27
221235,7
221263,7
221344,21
221485,68
221499,11
221515,15
221540,20
221554,24
221656,10
221672,24
221674,53
221913,28
221949,25
221971,36
222167,30
222186,26
222193,53
222197,26
222314,55
222382,22
222397,11
222481,14
222524,24
222553,18
222636,20
222657,19
222663,33
222730,19
222755,20
222799,12
222827,16
222836,19
222847,50
222857,12
222871,8
222912,17
222961,15
223008,57
223009,12
223018,16
223068,20
223099,7
223163,7
223222,6
223285,10
223299,6
223300,8
223304,7
223343,8
223366,10
223394,15
223405,13
223442,13
223452,29
223544,7
223555,43
223575,9
223611,8
223617,7
223649,6
223811,9
223859,16
223885,6
223928,5
223946,30
223958,9
223991,16
224007,5
224080,12
224167,5
224247,45
224254,64
224285,37
224422,104
224459,6
224560,24
224693,6
224708,8
224819,11
224864,23
224888,13
224892,26
224895,13
224923,10
224998,6
225013,13
225017,43
225018,5
225022,8
225043,6
225056,14
225154,8
225282,9
225303,12
225330,11
225350,15
225366,120
225414,10
225457,26
225476,7
225562,70
225670,19
225673,10
225687,6
225722,6
225724,11
225735,9
225778,6
225862,8
225872,17
225886,5
225915,12
225930,8
225992,6
226013,7
226054,8
226184,9
226209,29
226215,9
226226,7
226230,56
226242,7
226246,5
226290,9
226325,84
226467,10
226469,6
226477,13
226481,5
226493,6
226578,7
226697,15
226777,9
226788,18
226797,6
226806,13
226843,7
226904,10
226955,30
227061,5
227080,6
227088,10
227103,10
227124,5
227144,960
227197,9
227227,7
227270,6
227271,5
227322,5
227342,6
227473,16
227508,10
227531,5
227568,8
227607,6
227621,13
227706,14
227742,7
227755,40
227760,7
227774,25
227870,8
227872,15
227877,8
227916,6
227970,6
227981,13
228038,22
228049,16
228078,20
228096,9
228104,15
228109,26
228112,20
228131,20
228144,16
228177,13
228217,60
228282,22
228286,19
228344,36
228348,40
228422,10
228425,14
228515,381
228530,12
228541,14
228563,9
228601,11
228615,14
228649,22
228700,22
228729,21
228756,20
228840,18
228902,15
228914,84
228920,10
228977,31
229024,28
229055,49
229064,26
229200,37
229282,35
229382,30
229387,18
229522,25
229556,6
229557,8
229650,31
229663,7
229768,15
229771,20
229805,6
229806,42
229838,6
229868,17
229890,5
230000,13
230029,5
230052,180
230099,23
230101,7
230104,6
230226,5
230229,6
230232,14
230248,10
230264,13
230277,14
230351,5
230352,11
230393,57
230395,9
230429,344
230436,16
230438,5
230492,12
230530,8
230552,10
230662,8
230665,17
230698,6
230706,6
230760,14
230802,7
230809,12
230835,17
230938,6
231064,62
231197,55
231207,11
231208,6
231231,11
231276,9
231281,22
231375,10
231387,6
231414,6
231501,6
231521,44
231559,5
231600,21
231602,8
231640,9
231680,8
231699,14
231817,12
231899,7
231958,9
231968,12
231976,8
231985,8
232019,16
232038,85
232041,8
232164,10
232169,12
232184,34
232196,17
232203,13
232266,7
232297,37
232303,6
232314,5
232334,19
232430,16
232440,8
232476,6
232536,46
232553,7
232799,77
232815,7
232834,15
232847,23
232910,14
232965,8
232985,9
233010,16
233112,10
233148,6
233196,7
233255,7
233311,7
233368,68
233377,9
233381,11
233550,20
233581,48
233584,41
233612,398
233678,74
233685,21
233756,28
233829,22
233912,20
233980,22
233987,37
234018,43
234030,28
234046,20
234092,17
234144,54
234229,21
234256,43
234262,83
234266,10
234285,13
234315,15
234336,107
234379,12
234403,22
234423,8
234426,9
234547,9
234551,9
234553,265
234579,17
234586,23
234591,24
234605,9
234714,29
234737,27
234785,24
234816,44
234882,39
234915,19
234941,32
234952,11
234990,12
234998,9
235074,9
235076,14
235125,49
235183,9
235253,13
235268,19
235291,50
235292,19
235362,22
235590,22
235605,26
235629,21
235676,18
235721,57
235725,19
235743,30
235805,18
235816,10
235873,16
235907,23
236017,8
236082,9
236204,9
236275,22
236315,20
236388,46
236427,30
236455,9
236635,23
236655,20
236876,50
236912,29
236940,18
236953,19
236960,42
237031,23
237038,20
237084,24
237087,57
237104,61
237105,22
237111,29
237180,20
237187,23
237212,26
237227,26
237386,19
237388,20
237428,15
237441,10
237509,27
237513,19
237634,47
237638,20
237674,19
237795,8
237866,246
237876,6
237906,5
237920,6
237954,9
238051,15
238129,6
238167,37
238176,5
238177,11
238199,12
238275,8
238398,6
238454,16
238472,5
238508,5
238510,9
238570,7
238588,6
238596,15
238633,7
238647,17
238648,11
238835,16
238867,10
238877,6
238879,6
238913,6
238924,11
238976,26
239000,7
239108,5
239119,16
239162,29
239227,11
239366,8
239380,27
239453,24
239455,24
239525,46
239547,23
239579,46
239627,20
239650,12
239658,20
239661,10
239763,15
239818,19
239861,28
239876,27
239979,25
239994,13
240066,67
240094,16
240123,8
240177,12
240285,7
240316,8
240405,61
240429,42
240444,13
240478,6
240482,8
240494,9
240621,14
240677,11
240731,29
240778,41
240788,50
240835,29
240975,13
240982,6
240998,36
241047,11
241064,13
241087,35
241120,8
241164,7
241401,10
241431,14
241469,30
241505,46
241603,11
241650,9
241698,39
241719,11
241732,9
241753,6
241839,32
241885,7
241906,12
241932,11
241950,18
241984,9
242033,37
242043,65
242051,6
242057,12
242113,10
242138,8
242161,6
242219,41
242244,9
242288,8
242294,14
242315,11
242317,7
242388,18
242584,8
242625,14
242788,7
242799,8
242888,7
242892,6
242904,6
242910,6
242917,10
243030,5
243051,16
243070,6
243122,40
243164,5
243242,8
243344,5
243364,179
243529,6
243679,31
243738,22
243753,8
243838,7
243878,50
243997,73
244109,50
244173,49
244204,27
244213,29
244292,51
244314,30
244338,20
244417,20
244423,29
244462,20
244467,12
244470,13
244489,15
244504,46
244540,64
244589,6
244698,39
244770,16
244778,50
244833,29
244876,22
244881,46
244903,27
244907,24
244940,28
244962,11
244964,21
245003,40
245020,14
245037,11
245049,15
245144,30
245186,23
245204,24
245280,22
245308,19
245387,17
245428,41
245430,38
245437,42
245475,33
245499,21
245572,31
245576,23
245584,43
245625,23
245638,34
245661,43
245684,23
245688,10
245710,16
245719,18
245720,11
245725,9
245749,10
245752,18
245756,76
245775,12
245803,91
245864,28
245934,21
245962,50
245990,9
245991,38
246014,11
246020,15
246119,125
246140,37
246216,19
246237,21
246371,22
246449,12
246471,11
246472,7
246495,43
246501,15
246512,10
246536,19
246620,13
246631,7
246660,13
246757,9
246859,9
246891,21
247031,11
247110,9
247130,27
247138,13
247189,7
247193,6
247258,6
247355,7
247401,8
247505,10
247560,92
247610,18
247652,6
247658,9
247664,5
247671,7
247768,18
247800,40
247805,6
247831,7
247967,145
247968,26
247988,16
248057,7
248063,17
248090,70
248166,12
248188,11
248293,14
248329,21
248336,25
248453,17
248455,48
248503,9
248540,9
248553,22
248562,57
248587,18
248624,11
248626,26
248660,378
248683,25
248714,18
248715,18
248773,48
248820,44
248821,9
248861,14
248963,9
248990,10
248997,18
249015,11
249056,8
249082,8
249159,14
249204,7
249371,47
249374,22
249425,71
249441,164
249463,15
249525,9
249534,45
249551,46
249669,21
249707,53
249783,42
249832,25
249865,22
249867,51
249869,27
249875,60
249876,21
249953,41
249968,50
250020,23
250168,29
250174,17
250196,46
250202,19
250232,45
250233,23
250354,28
250361,20
250394,37
250410,19
250437,35
250546,29
250555,20
250581,37
250640,20
250655,35
250660,17
250662,19
250778,10
250793,9
250813,6
250820,7
250843,10
250921,7
250951,7
251042,12
251059,8
251071,6
251123,9
251287,11
251302,19
251333,40
251343,17
251351,11
251368,11
251385,15
251389,88
251409,25
251416,20
251449,10
251457,12
251461,26
251464,13
251523,19
251546,15
251701,19
251723,7
251727,6
251839,9
252007,56
252058,30
252059,33
252162,11
252184,30
252221,24
252222,32
252229,18
252232,23
252248,18
252354,25
252384,23
252408,16
252448,21
252468,11
252489,14
252550,9
252559,37
252728,151
252790,8
252794,150
252904,9
252908,10
252955,13
253046,10
253197,15
253199,11
253232,6
253235,5
253296,15
253415,15
253416,8
253430,8
253436,135
253493,30
253512,48
253519,12
253559,9
253588,33
253599,6
253657,46
253691,5
253708,12
253812,13
253863,10
253963,9
254008,21
254067,60
254084,6
254183,10
254195,14
254247,42
254275,613
254282,10
254349,7
254365,50
254461,8
254544,15
254562,7
254590,21
254613,9
254642,5
254711,11
254712,6
254759,16
254781,11
254827,5
254840,8
254849,23
254869,6
254951,12
254971,8
254976,8
255040,15
255103,57
255166,9
255176,12
255220,11
255227,24
255237,51
255342,21
255392,21
255437,26
255443,30
255446,9
255456,21
255494,10
255516,68
255537,9
255567,36
255572,9
255587,12
255624,11
255626,16
255639,30
255723,11
255733,15
255740,35
255742,10
255845,41
255864,16
255886,16
255910,10
255956,7
255962,20
255967,11
256109,16
256116,9
256121,10
256208,12
256253,13
256254,8
256277,37
256284,6
256424,9
256513,63
256566,10
256574,35
256587,38
256616,20
256657,23
256678,29
256680,10
256695,10
256772,11
256806,18
256850,70
256885,8
257048,13
257089,22
257104,6
257105,29
257115,26
257130,11
257136,21
257151,77
257157,12
257179,10
257323,11
257332,12
257342,10
257418,11
257473,30
257586,17
257605,39
257619,38
257677,15
257690,10
257899,22
257961,7
258063,12
258069,14
258074,14
258098,10
258157,7
258278,8
258402,5
258436,35
258492,17
258518,15
258529,18
258537,59
258557,18
258602,8
258618,405
258646,7
258655,7
258769,9
258787,12
258822,669
258827,12
258896,11
258901,5
258915,6
258917,11
258923,8
258927,10
258977,6
259013,6
259019,19
259090,6
259105,11
259126,5
259188,8
259233,7
259234,7
259257,99
259329,18
259433,13
259474,10
259615,12
259655,20
259685,12
259727,136
259737,8
259865,190
259888,10
259915,7
259952,10
260001,34
260003,11
260058,12
260063,12
260102,28
260129,9
260145,9
260157,8
260166,10
260177,11
260228,21
260314,10
260318,31
260354,15
260364,27
260372,17
260376,7
260383,14
260388,6
260435,27
260452,7
260457,24
260531,84
260660,13
260698,11
260760,11
260851,10
260903,18
260909,29
260913,12
260948,13
260956,68
260992,95
261015,15
261038,28
261075,10
261082,45
261161,9
261186,27
261222,10
261282,6
261352,9
261373,7
261375,8
261394,8
261501,7
261514,8
261548,6
261551,7
261563,11
261607,114
261693,5
261695,12
261723,17
261728,10
261737,15
261738,12
261774,9
261841,17
261858,15
261882,55
261916,9
261962,16
261968,10
262011,14
262014,93
262058,10
262091,114
262165,11
262183,7
262225,16
262234,11
262236,10
262302,6
262447,20
262487,12
262571,34
262677,6
262689,23
262716,9
262754,7
262772,64
262802,15
262817,7
262823,10
262838,10
262845,22
262854,10
262858,10
262956,6
263005,9
263046,29
263121,52
263189,47
263247,21
263250,9
263473,9
263481,9
263494,7
263510,5
263511,15
263564,168
263578,10
263631,8
263693,6
263729,15
263772,8
263849,17
263858,7
263859,6
263882,7
263975,6
263989,89
263992,6
264029,16
264075,25
264106,5
264124,5
264197,12
264201,6
264273,10
264278,5
264282,6
264293,7
264343,6
264361,9
264448,14
264486,133
264533,13
264570,20
264707,8
264723,14
264737,17
264802,18
264845,10
264895,74
264904,37
264909,9
264936,9
264960,11
264982,5
265195,67
265200,8
265220,7
265238,17
265298,7
265303,5
265344,6
265450,8
265460,7
265472,5
265492,6
265518,6
265525,10
265591,5
265671,9
265697,33
265768,13
265787,11
265796,7
265838,9
265862,7
265902,9
266005,42
266017,5
266071,8
266121,106
266196,11
266254,8
266287,287
266290,11
266294,12
266312,16
266326,29
266439,21
266444,5
266450,9
266457,7
266488,14
266497,14
266502,9
266514,12
266670,8
266681,97
266696,5
266738,7
266745,5
266777,6
266795,6
266867,5
267031,18
267064,30
267087,6
267187,17
267194,6
267208,11
267234,9
267239,6
267256,42
267285,7
267300,7
267445,6
267567,8
267612,108
267617,221
267618,16
267620,12
267771,47
267816,12
267830,8
267892,68
267993,6
268055,6
268115,13
268130,12
268142,9
268166,8
268194,23
268196,32
268273,6
268322,7
268365,10
268409,104
268421,7
268439,62
268456,7
268536,534
268542,30
268560,9
268562,12
268569,14
268620,12
268651,46
268668,13
268773,119
268812,9
268898,9
268947,22
268988,9
269001,65
269041,603
269059,10
269079,86
269083,14
269115,7
269179,13
269192,50
269318,7
269336,6
269362,41
269371,30
269391,5
269417,6
269471,9
269567,13
269621,83
269655,8
269673,5
269715,17
269753,13
269758,9
269767,12
269802,21
269821,7
270028,7
270073,11
270090,22
270093,16
270121,6
270149,11
270174,51
270253,21
270257,5
270312,14
270531,10
270554,42
270555,31
270560,6
270697,7
270698,7
270715,11
270754,6
270756,5
270780,10
270811,7
270838,10
270865,26
270871,11
270885,14
270935,279
271029,7
271061,6
271064,14
271071,12
271170,8
271183,27
271189,15
271225,10
271324,5
271391,7
271481,7
271518,6
271591,20
271612,66
271688,10
271704,15
271741,8
271786,7
271836,53
271868,9
271892,26
271988,21
272057,53
272086,52
272101,18
272109,19
272127,25
272129,27
272133,50
272135,21
272312,61
272400,18
272424,25
272427,18
272573,54
272579,55
272790,18
272928,57
272959,9
272972,9
273006,75
273029,15
273097,49
273115,18
273174,17
273176,18
273204,19
273215,26
273221,57
273242,27
273313,21
273321,31
273343,30
273360,19
273387,47
273490,19
273536,40
273565,29
273566,18
273607,21
273623,13
273684,15
273705,29
273755,9
273767,6
273934,9
273945,6
273963,14
274082,6
274088,5
274165,7
274202,6
274236,29
274268,7
274292,5
274293,8
274348,11
274395,5
274450,21
274495,8
274505,5
274544,7
274569,7
274583,11
274584,13
274617,13
274673,7
274744,13
274752,41
274892,17
274897,20
275037,7
275060,13
275061,9
275221,13
275223,11
275243,10
275246,27
275255,6
275325,8
275332,9
275386,77
275388,10
275423,20
275431,15
275477,25
275632,19
275658,33
275662,22
275669,30
275706,20
275712,28
275747,64
275761,17
275813,46
275867,20
275882,196
275956,13
275984,9
275986,36
276015,6
276114,10
276145,21
276191,11
276194,234
276219,11
276241,48
276249,34
276444,64
276450,68
276456,11
276463,24
276508,165
276540,118
276550,42
276574,27
276594,21
276604,62
276624,35
276626,18
276632,26
276694,18
276763,10
276844,39
276964,8
277005,22
277012,9
277041,6
277075,25
277140,5
277173,14
277251,7
277334,22
277379,10
277447,5
277508,5
277524,7
277581,6
277584,6
277619,81
277656,11
277676,14
277724,7
277749,7
277756,11
277785,8
277822,64
277873,347
277948,7
278085,17
278122,28
278123,5
278179,51
278195,7
278250,8
278277,5
278323,11
278326,6
278330,71
278390,7
278419,27
278423,6
278531,5
278534,7
278590,9
278640,7
278677,8
278733,15
278753,5
278772,11
278860,12
278892,6
279029,8
279079,6
279085,8
279087,6
279189,13
279249,26
279260,98
279283,77
279288,6
279322,127
279359,8
279392,6
279434,12
279443,289
279525,181
279575,12
279611,262
279652,503
279746,6
279748,6
279868,14
280002,13
280029,19
280067,57
280100,56
280117,21
280161,56
280169,25
280200,40
280232,48
280234,53
280364,42
280389,26
280518,9
280533,10
280639,144
280643,54
280808,29
280820,117
280874,11
280892,24
280907,39
280908,12
280928,25
280934,15
280943,15
280962,9
281054,24
281104,28
281115,7
281330,22
281494,16
281500,14
281584,8
281588,9
281602,24
281630,14
281734,22
281798,63
281838,25
281871,9
281954,11
281971,26
281990,50
282065,20
282080,9
282103,33
282126,11
282156,13
282212,11
282218,75
282260,9
282318,54
282331,15
282401,9
282422,24
282457,33
282467,6
282572,10
282626,10
282697,5
282699,5
282761,109
282886,6
282929,28
282987,7
283018,11
283259,7
283269,8
283366,9
283470,6
283482,81
283513,32
283515,26
283574,93
283593,41
283600,10
283637,7
283650,5
283705,14
283724,7
283735,18
283792,8
283793,7
283820,103
283843,10
283885,22
283901,9
283904,10
283951,10
283963,8
283979,8
283996,8
284028,9
284094,12
284101,7
284138,17
284177,9
284231,13
284318,15
284324,9
284345,16
284374,289
284383,12
284391,13
284402,5
284437,16
284534,7
284591,7
284600,9
284622,7
284697,16
284716,1129
284756,7
284814,14
284928,70
284942,16
284946,9
284957,14
284986,7
284997,6
285046,17
285267,9
285308,16
285321,65
285468,13
285478,45
285513,9
285553,198
285561,11
285622,16
285644,17
285728,176
285729,30
285830,20
285906,22
286008,18
286081,8
286113,9
286143,9
286240,14
286246,15
286247,11
286264,91
286297,10
286321,10
286330,12
286372,288
286380,22
286400,24
286423,58
286464,19
286470,31
286471,36
286508,21
286533,16
286655,10
286656,28
286790,48
286804,18
286816,35
286830,43
286844,33
286900,24
286936,9
286972,17
287083,18
287107,19
287154,64
287172,32
287191,23
287223,24
287277,36
287281,60
287335,29
287338,24
287359,22
287504,18
287592,12
287647,44
287694,13
287872,11
287891,9
287944,12
287979,9
288042,43
288102,20
288106,21
288170,36
288200,19
288206,47
288219,11
288239,109
288242,23
288313,9
288326,42
288353,58
288387,30
288391,29
288419,30
288541,8
288546,114
288561,142
288647,12
288698,21
288822,6
288825,10
288831,11
288936,10
288959,15
288965,33
289056,9
289101,15
289102,8
289152,6
289178,31
289220,38
289228,8
289252,8
289268,19
289272,11
289328,31
289360,15
289370,5
289396,9
289401,7
289411,21
289438,8
289447,6
289476,6
289500,8
289612,9
289613,14
289633,8
289655,5
289744,7
289826,6
289862,8
289882,13
289883,7
289885,9
289921,8
289958,14
290032,5
290114,7
290127,20
290148,16
290158,8
290160,5
290261,7
290274,38
290330,10
290364,7
290451,9
290491,13
290523,51
290552,8
290570,6
290575,14
290605,27
290624,11
290652,14
290670,30
290697,18
290699,11
290776,29
290812,23
290813,40
290815,19
290826,25
290886,19
291072,9
291078,10
291216,16
291319,16
291432,10
291467,28
291469,8
291490,7
291509,14
291516,16
291600,19
291641,9
291648,14
291732,6
291762,10
291898,19
291900,12
291910,7
291938,7
291952,14
291970,18
292031,14
292086,14
292113,5
292167,6
292200,7
292246,22
292290,7
292313,6
292329,37
292374,44
292375,5
292394,15
292588,7
292663,7
292695,5
292713,6
292778,13
292802,8
292807,8
292833,10
292855,10
292875,80
292877,11
293010,11
293014,5
293046,8
293078,5
293119,8
293146,5
293234,7
293271,5
293305,13
293506,24
293517,7
293531,5
293635,18
293637,50
293673,54
293716,15
293728,5
293747,20
293774,5
293845,5
293875,5
293894,8
293942,8
294051,9
294061,7
294153,12
294218,1273
294317,6
294342,14
294470,13
294632,11
294668,7
294674,19
294689,7
294746,9
294758,27
294945,6
295106,7
295110,22
295116,6
295117,8
295164,8
295168,8
295182,6
295260,155
295280,9
295307,7
295344,13
295372,5
295384,11
295417,23
295549,12
295579,10
295587,5
295621,7
295622,38
295633,6
295720,49
295752,19
295820,9
295835,6
295855,26
295979,187
295989,58
296011,31
296035,19
296088,7
296133,7
296149,6
296162,6
296365,6
296413,8
296482,16
296535,9
296644,19
296653,6
296685,106
296776,10
296854,6
296861,8
296881,188
296886,6
296978,11
296983,6
297052,8
297077,5
297188,16
297301,73
297341,29
297366,9
297413,202
297424,17
297445,17
297516,5
297601,5
297612,7
297685,10
297724,12
297748,21
297758,5
297807,6
297815,7
297820,12
297871,33
297877,25
297922,7
297957,5
297969,9
297983,8
297990,5
298057,6
298066,7
298091,5
298131,8
298179,13
298215,9
298289,7
298324,48
298372,25
298501,10
298507,14
298527,30
298615,26
298627,42
298649,25
298761,37
298770,85
298780,45
298781,12
298812,44
298840,9
298866,42
298936,43
298964,54
298967,61
298977,32
298979,47
299050,25
299077,25
299088,18
299092,38
299095,49
299152,20
299247,61
299267,20
299278,20
299332,37
299342,48
299381,20
299447,18
299513,19
299519,34
299532,28
299615,43
299618,12
299693,29
299761,16
299902,54
299916,60
300024,46
300176,28
300201,13
300229,46
300262,17
300304,9
300312,33
300336,19
300340,18
300389,22
300416,60
300451,82
300456,9
300474,17
300484,13
300628,22
300692,11
300799,23
300841,10
300862,10
300941,27
300946,6
300961,7
300970,9
301101,7
301103,17
301105,7
301121,12
301206,7
301241,6
301302,10
301313,46
301339,7
301395,43
301457,6
301496,9
301497,9
301509,17
301546,9
301558,7
301559,13
301566,47
301568,19
301594,21
301668,8
301690,12
301703,20
301712,63
301780,43
301786,23
301844,48
301962,18
302017,20
302036,37
302081,11
302090,12
302132,18
302139,7
302147,17
302217,30
302270,10
302333,12
302365,10
302396,11
302504,22
302528,7
302551,71
302569,9
302594,7
302620,10
302623,2962
302642,6
302750,15
302751,54
302896,15
302931,24
302953,10
302986,22
303047,12
303064,12
303087,226
303108,24
303180,26
303266,27
303295,44
303413,31
303510,37
303566,54
303584,31
303605,33
303618,42
303627,20
303632,25
303743,48
303748,78
303756,9
303806,21
303847,17
303854,9
303981,13
303991,42
304001,7
304015,86
304052,16
304070,47
304080,8
304108,12
304166,21
304176,17
304206,10
304286,365
304303,19
304324,25
304334,23
304343,31
304404,45
304438,12
304530,21
304553,30
304558,25
304576,33
304615,36
304657,28
304711,30
304725,53
304739,29
304765,22
304789,51
304859,22
304887,20
304926,23
304930,34
304959,47
305017,50
305207,28
305220,58
305254,31
305354,35
305382,14
305414,10
305447,21
305530,24
305532,21
305537,18
305549,28
305574,43
305601,25
305632,53
305640,10
305758,11
305789,28
305815,9
305836,40
305857,41
305894,15
305939,14
305946,37
305970,11
305992,12
306060,7
306110,12
306154,5
306174,38
306263,88
306282,19
306293,20
306460,12
306592,32
306597,8
306630,5
306649,13
306713,68
306725,6
306789,12
306790,6
306820,12
306827,7
306905,7
306970,65
306974,25
307033,6
307079,6
307080,10
307084,50
307120,8
307122,12
307139,12
307166,14
307203,14
307218,6
307236,17
307237,11
307294,12
307311,15
307317,14
307354,10
307356,15
307416,29
307436,38
307440,18
307501,30
307510,61
307528,24
307564,60
307579,48
307607,13
307634,9
307648,58
307678,25
307679,31
307691,17
307728,45
307771,27
307823,8
307834,50
307977,9
307993,10
307997,23
308043,8
308060,11
308089,9
308120,21
308241,12
308258,8
308287,10
308300,24
308314,18
308353,54
308444,43
308576,18
308590,23
308616,42
308674,39
308982,20
309005,17
309007,89
309016,15
309017,15
309031,52
309033,11
309036,241
309058,49
309250,19
309287,40
309321,18
309383,13
309401,26
309433,23
309468,15
309541,11
309548,6
309643,380
309672,8
309747,42
309796,9
309823,6
309824,5
309843,49
309948,13
309963,5
309972,14
309981,6
310024,8
310057,5
310067,6
310076,6
310096,11
310132,8
310181,14
310257,27
310258,10
310279,13
310310,6
310316,6
310450,20
310458,14
310466,8
310493,6
310543,23
310637,10
310765,8
310849,34
310884,10
311015,7
311085,10
311254,11
311287,6
311391,8
311416,622
311545,7
311546,5
311558,9
311585,6
311672,6
311697,5
311748,8
311762,11
311785,10
311918,17
311919,5
311922,19
312064,8
312067,11
312220,11
312250,43
312271,12
312299,63
312332,29
312338,139
312387,9
312470,7
312496,10
312534,52
312559,8
312585,9
312635,23
312660,23
312768,22
312775,22
312797,38
312801,45
312871,29
312873,9
312879,16
312898,24
312925,41
313008,33
313078,137
313086,58
313104,15
313113,16
313153,15
313159,71
313160,10
313165,13
313178,8
313315,10
313317,17
313393,17
313445,63
313504,18
313535,43
313553,19
313649,9
313677,36
313687,10
313724,14
313756,25
313791,40
313959,54
313989,9
314072,9
314090,27
314136,7
314147,20
314166,23
314211,11
314215,8
314278,9
314279,9
314290,275
314351,13
314372,11
314391,7
314463,46
314506,14
314608,7
314626,6
314778,19
314779,14
314782,12
314797,15
314798,24
314865,14
314936,30
314947,6
314969,5
315018,5
315021,22
315083,6
315117,19
315176,6
315310,5
315326,19
315327,23
315361,16
315381,30
315424,6
315445,8
315484,13
315493,8
315499,7
315561,41
315565,29
315593,18
315672,13
315678,16
315692,7
315796,7
315873,14
315980,25
316135,18
316137,10
316149,10
316176,9
316180,11
316220,46
316256,11
316268,6
316271,26
316293,15
316394,54
316443,14
316516,15
316537,15
316727,45
316806,29
316847,13
316895,6
316967,7
316976,7
316989,10
317002,10
317011,9
317018,7
317061,6
317072,7
317101,9
317122,9
317169,10
317203,44
317225,28
317384,13
317388,21
317455,47
317513,29
317536,100
317574,21
317576,40
317639,22
317701,37
317783,52
317797,17
317838,36
317863,25
317864,22
317918,47
317921,29
317966,32
318040,30
318046,30
318053,25
318064,13
318086,70
318096,9
318125,27
318171,21
318177,7
318199,106
318313,13
318342,17
318362,24
318369,22
318430,23
318747,16
318750,7
318822,7
318840,5
318887,495
318920,7
318928,8
318945,12
319024,7
319091,10
319162,8
319272,16
319363,17
319417,27
319537,60
319565,6
319594,14
319608,23
319679,11
319799,49
319954,22
320032,9
320121,26
320127,31
320160,10
320180,18
320185,84
320224,15
320231,24
320263,37
320320,46
320373,43
320443,20
320446,20
320487,48
320557,11
320583,25
320606,10
320632,43
320667,50
320678,27
320689,63
320724,28
320809,64
320811,36
320838,60
320843,24
320854,18
320995,10
321104,18
321226,10
321231,11
321274,10
321348,19
321486,29
321526,12
321538,16
321548,11
321601,7
321634,10
321636,36
321713,6
321789,35
321869,14
321934,921
322003,8
322004,25
322047,31
322056,8
322069,41
322097,7
322101,8
322223,32
322240,49
322294,24
322317,16
322350,54
322418,134
322578,13
322579,16
322580,11
322738,11
322760,22
322804,15
322810,43
322813,28
322814,10
322841,12
322868,11
322908,15
322932,11
323105,12
323147,6
323160,10
323313,11
323327,23
323341,43
323349,126
323379,8
323384,9
323438,13
323511,62
323531,18
323670,11
323719,5
323735,5
323787,28
323881,10
323904,6
323907,36
323915,52
323961,37
323969,35
323976,46
323979,12
324037,8
324043,11
324053,9
324122,9
324279,12
324280,11
324282,12
324340,14
324389,11
324660,11
324698,115
324726,14
324743,46
324805,15
324836,10
324896,460
324992,20
325002,24
325046,45
325106,14
325157,8
325193,8
325218,44
325243,14
325272,6
325339,16
325376,11
325389,7
325459,7
325460,96
325476,9
325484,22
325507,11
325522,32
325532,13
325590,33
325596,60
325599,32
325663,18
325669,45
325698,23
325730,28
325837,63
325871,33
325879,51
325918,20
326032,20
326039,18
326043,19
326085,18
326086,25
326141,27
326177,18
326224,23
326270,22
326274,14
326292,10
326383,8
326410,9
326448,8
326478,21
326556,8
326599,25
326620,6
326637,5
326658,15
326667,6
326676,851
326678,8
326705,10
326825,10
326890,25
326893,159
326953,9
326980,27
327036,46
327046,37
327058,23
327088,15
327106,9
327138,9
327146,15
327152,57
327203,20
327252,73
327276,9
327322,7
327412,93
327415,20
327420,10
327449,7
327474,597
327527,7
327694,604
327727,7
327744,48
327798,7
327807,9
327964,6
327989,24
328085,7
328117,8
328280,91
328344,10
328367,6
328375,8
328399,10
328408,48
328443,5
328481,18
328482,59
328550,12
328555,38
328584,8
328617,17
328643,22
328657,90
328706,6
328715,5
328731,6
328750,6
328898,6
329019,9
329026,5
329118,16
329137,21
329218,5
329291,5
329319,5
329322,39
329337,6
329374,9
329454,8
329457,6
329471,7
329480,14
329481,11
329501,7
329513,63
329527,9
329539,7
329567,5
329582,6
329638,25
329693,64
329711,14
329765,19
329775,7
329791,8
329904,5
329923,8
329949,15
329950,17
329963,9
329968,26
329986,12
330086,9
330231,10
330343,10
330377,13
330433,10
330440,101
330566,9
330610,7
330683,16
330779,9
330832,20
330967,35
330996,21
331027,29
331036,17
331111,29
331133,11
331149,9
331213,20
331298,22
331323,11
331347,9
331431,32
331465,19
331518,40
331558,36
331568,20
331609,29
331647,22
331651,40
331652,19
331726,29
331731,51
331776,45
331846,19
331851,164
331863,20
331875,9
331899,17
331901,14
331915,19
332000,25
332043,18
332055,19
332062,59
332106,18
332160,47
332164,18
332174,24
332178,23
332180,23
332193,21
332305,42
332338,18
332450,52
332487,21
332498,62
332507,28
332520,9
332537,19
332581,10
332608,20
332633,7
332643,7
332655,10
332697,9
332712,5
332728,48
332738,5
332751,9
332893,5
332917,8
332963,5
332966,17
332979,15
333013,6
333053,5
333068,9
333079,8
333132,81
333159,16
333372,6
333377,19
333400,6
333464,8
333556,7
333567,10
333571,26
333673,10
333674,6
333699,9
333711,8
333721,30
333818,18
333838,38
333887,25
333915,38
334019,12
334081,9
334116,13
334160,10
334234,13
334250,28
334259,10
334288,9
334289,11
334341,17
334350,23
334364,32
334469,93
334506,11
334507,16
334508,9
334519,11
334526,35
334529,9
334534,9
334592,22
334596,44
334671,23
334674,30
334681,43
334691,20
334709,20
334772,28
334778,35
334822,48
334832,42
334868,21
334877,22
334888,28
334965,21
334975,18
335008,20
335029,20
335040,25
335076,37
335077,18
335097,24
335098,21
335118,50
335123,18
335124,63
335135,35
335239,57
335250,27
335252,410
335280,17
335304,20
335385,25
335466,14
335506,21
335540,25
335545,53
335568,52
335569,20
335724,23
335747,25
335765,23
335788,31
335820,45
335834,23
336040,31
336118,19
336142,25
336171,9
336174,114
336175,11
336324,17
336410,28
336423,104
336465,25
336480,12
336629,12
336671,1192
336679,7
336705,13
336784,20
336811,13
336845,7
336857,7
336894,5
336905,16
336959,131
336967,5
337061,5
337072,29
337075,6
337092,13
337093,6
337158,5
337219,18
337255,18
337263,6
337280,7
337286,7
337335,5
337356,10
337357,8
337362,12
337370,6
337444,8
337454,12
337479,903
337492,77
337566,7
337568,7
337683,21
337697,11
337705,54
337734,7
337750,7
337917,93
338000,14
338008,5
338019,5
338080,7
338100,8
338126,6
338148,24
338173,16
338183,7
338210,9
338248,6
338310,8
338322,19
338326,9
338347,22
338353,7
338420,13
338431,9
338433,1649
338461,5
338506,14
338534,13
338547,7
338628,11
338760,331
338762,25
338807,8
338847,40
338912,68
338927,22
338968,10
339051,9
339138,23
339167,29
339177,13
339193,66
339281,14
339313,10
339327,21
339368,15
339386,10
339464,9
339508,7
339529,9
339546,8
339551,10
339575,12
339582,9
339588,55
339594,10
339607,10
339672,9
339682,7
339803,12
339811,17
339849,6
339866,7
339898,7
339912,8
339960,16
339978,6
339989,7
340112,9
340153,8
340231,9
340248,12
340264,35
340325,6
340340,6
340486,10
340506,9
340527,15
340534,9
340561,8
340585,9
340602,7
340918,5
340980,23
341009,5
341062,10
341065,12
341084,6
341099,8
341178,5
341199,8
341211,10
341393,8
341418,73
341431,122
341473,7
341483,13
341510,8
341643,9
341710,5
341718,11
341747,8
341754,5
341865,23
341902,37
341924,11
341965,8
342055,6
342058,9
342059,1842
342127,11
342208,8
342286,8
342306,9
342356,29
342382,6
342424,6
342431,16
342440,5
342468,30
342472,7
342473,14
342534,5
342541,7
342583,5
342593,17
342691,23
342778,10
342802,7
342805,13
342821,5
342980,9
342996,12
343029,190
343040,14
343056,6
343059,5
343142,15
343217,6
343219,5
343253,20
343263,24
343339,31
343361,12
343416,10
343449,7
343534,9
343598,24
343676,8
343748,33
343755,11
343768,40
343773,62
343778,7
343836,19
343891,10
343892,91
343908,19
344030,21
344122,14
344127,10
344168,6
344200,10
344201,8
344232,6
344274,25
344316,11
344331,17
344337,23
344343,12
344367,15
344420,68
344463,22
344475,9
344498,8
344559,15
344621,18
344686,14
344696,7
344823,59
344863,31
344865,8
344895,10
344898,6
344908,7
344911,17
344924,8
345033,748
345045,8
345095,6
345117,10
345120,6
345145,8
345208,15
345254,69
345282,11
345317,8
345334,6
345451,18
345707,9
345746,333
345756,5
345835,10
345869,399
345952,5
345957,8
345960,9
346010,17
346038,69
346071,30
346082,43
346137,30
346157,6
346197,26
346254,18
346269,7
346301,8
346326,7
346378,6
346397,8
346463,10
346571,8
346598,18
346640,13
346781,22
346850,7
346909,675
346916,17
347007,10
347044,9
347052,12
347064,6
347075,5
347121,8
347243,6
347253,15
347297,40
347419,14
347473,7
347520,43
347550,55
347610,19
347692,73
347781,9
347804,7
347874,9
347927,6
347930,7
347953,86
347990,5
348008,10
348073,5
348092,33
348104,37
348142,7
348164,22
348186,7
348193,12
348194,9
348200,53
348251,20
348289,14
348441,11
348444,11
348521,30
348537,8
348549,8
348574,5
348603,17
348645,7
348660,5
348703,7
348800,5
348801,32
348802,13
348827,6
348898,103
348912,44
348976,9
349002,8
349028,5
349039,32
349057,6
349081,6
349090,32
349128,11
349142,5
349234,7
349280,9
349334,14
349354,10
349358,5
349366,9
349372,6
349456,9
349475,18
349514,17
349585,15
349817,21
349833,5
349836,21
349896,6
349948,49
349975,5
350005,5
350047,16
350077,5
350210,15
350279,8
350377,53
350396,6
350467,163
350602,6
350606,10
350624,5
350711,17
350808,6
350869,38
350892,10
350899,23
350950,9
351058,23
351063,20
351075,8
351159,8
351250,7
351264,15
351266,7
351277,17
351364,46
351389,7
351396,8
351566,11
351602,7
351632,9
351700,19
351716,12
351789,14
351890,11
351929,11
352043,20
352129,16
352146,16
352156,6
352181,7
352210,7
352304,7
352382,11
352392,14
352404,6
352426,440
352471,18
352472,10
352476,43
352492,22
352512,11
352563,9
352596,44
352664,19
352693,8
352717,58
352725,44
352738,22
352768,28
352780,7
352808,13
352826,123
352831,11
352834,7
352986,7
353019,5
353065,8
353068,10
353197,6
353213,9
353258,17
353285,12
353293,8
353358,5
353404,26
353471,26
353483,72
353625,11
353697,7
353839,7
353840,68
353848,57
353849,22
353860,6
353866,5
353868,9
353876,7
353899,12
353906,16
354045,17
354056,161
354133,23
354137,5
354176,6
354253,14
354284,16
354354,21
354390,8
354421,8
354448,10
354485,347
354504,10
354553,11
354578,9
354595,29
354617,9
354628,19
354697,19
354727,15
354732,9
354781,16
354848,7
354894,8
354899,11
354912,75
354954,10
355052,44
355055,9
355056,7
355070,14
355072,31
355076,24
355090,164
355092,19
355131,6
355149,116
355154,312
355172,27
355277,12
355285,20
355420,10
355434,47
355467,34
355490,45
355603,35
355610,21
355684,28
355819,19
355841,9
355852,23
355899,12
355912,46
355995,38
356135,21
356149,47
356243,22
356245,11
356322,11
356418,13
356452,9
356513,13
356519,15
356550,9
356689,14
356698,20
356752,30
356766,7
356817,9
356958,23
356959,8
357027,8
357110,23
357149,20
357175,6
357201,1169
357244,34
357355,7
357457,49
357462,15
357470,11
357507,53
357515,14
357524,185
357553,37
357564,174
357566,9
357617,8
357687,12
357708,52
357719,18
357766,21
357887,28
357911,14
357913,19
357964,16
358060,9
358175,14
358210,39
358242,17
358243,41
358249,52
358281,24
358292,28
358301,17
358338,34
358344,22
358392,27
358495,17
358496,24
358521,13
358624,10
358639,41
358640,299
358662,14
358668,14
358674,8
358692,60
358716,22
358782,16
358822,8
358918,10
358975,9
358989,35
359004,13
359065,20
359099,32
359106,15
359122,15
359208,22
359319,14
359349,7
359379,6
359435,7
359446,7
359470,9
359508,25
359509,10
359566,5
359634,9
359642,17
359651,13
359656,26
359751,12
359898,98
359947,5
359990,6
360049,5
360121,53
360177,49
360232,7
360292,44
360322,15
360323,7
360442,70
360483,7
360531,22
360569,20
360626,15
360665,8
360709,156
360796,22
360823,20
360837,52
360849,30
360861,28
360879,19
360931,21
360950,40
361021,47
361094,25
361095,11
361112,21
361178,28
361229,36
361246,11
361316,57
361318,11
361366,29
361377,64
361386,7
361498,7
361503,6
361507,6
361547,24
361583,7
361590,6
361600,16
361672,14
361681,37
361707,13
361733,17
361756,5
361761,9
361775,17
361777,9
361841,7
361842,11
361843,23
361847,9
361888,11
361930,5
362019,18
362037,5
362097,10
362159,9
362235,17
362255,6
362258,9
362301,7
362386,22
362471,20
362509,10
362527,18
362570,9
362615,12
362617,13
362719,13
362818,12
362837,23
362900,158
362914,16
362923,19
363021,13
363049,7
363058,10
363133,7
363159,12
363186,18
363224,5
363238,10
363254,12
363314,67
363481,35
363488,25
363501,9
363555,486
363575,14
363752,28
363842,55
363924,42
363932,25
363946,32
364019,26
364058,22
364085,23
364105,49
364114,26
364171,20
364236,10
364241,93
364287,13
364300,12
364311,10
364332,9
364338,9
364369,19
364399,10
364446,25
364527,27
364563,24
364588,23
364600,18
364628,32
364634,47
364675,28
364677,18
364703,16
364875,21
364950,10
364963,7
365033,36
365043,8
365053,14
365061,9
365128,9
365185,11
365194,13
365202,7
365250,12
365259,6
365321,13
365350,7
365384,16
365434,14
365507,6
365535,12
365583,7
365587,19
365595,5
365599,5
365632,6
365712,17
365787,5
365799,7
365862,6
365931,40
365954,10
365990,6
366043,6
366156,6
366171,8
366241,8
366296,7
366298,10
366318,10
366340,14
366345,11
366405,37
366448,7
366453,11
366485,7
366494,122
366531,25
366562,53
366616,12
366698,15
366830,7
366839,11
366896,13
366914,6
366952,143
366994,32
367034,32
367136,6
367180,32
367206,6
367221,12
367254,6
367306,5
367463,16
367468,11
367545,6
367572,9
367648,25
367667,6
367698,9
367759,6
367810,10
367872,7
367895,10
367905,7
367925,47
368083,5
368096,7
368102,6
368132,8
368150,13
368188,6
368220,17
368232,12
368233,11
368310,5
368322,6
368397,48
368416,15
368419,59
368486,76
368492,11
368562,19
368672,17
368708,6
368747,9
368813,61
368834,6
368843,6
368861,7
368895,6
368913,8
368949,12
368993,23
369095,8
369100,42
369137,6
369209,7
369248,17
369249,11
369286,9
369326,5
369382,6
369489,5
369520,22
369556,9
369584,6
369597,6
369679,8
369686,6
369692,5
369732,8
369746,7
369752,7
369775,7
369893,11
369925,840
369938,454
369972,18
369987,21
369989,10
370022,30
370071,19
370102,50
370110,5
370204,6
370205,203
370220,122
370274,8
370338,9
370354,19
370374,8
370410,10
370454,30
370480,17
370481,12
370510,192
370586,11
370623,11
370642,7
370689,8
370715,5
370765,5
370805,7
370834,7
370843,13
370844,15
370988,8
371148,14
371163,57
371232,12
371392,6
371445,9
371456,236
371484,25
371564,25
371571,11
371584,7
371626,8
371653,7
371762,13
371763,31
371832,148
371852,33
371899,85
371906,32
371928,9
372056,17
372076,22
372078,36
372155,24
372197,17
372216,42
372225,60
372239,20
372312,24
372368,53
372374,27
372379,19
372384,22
372452,23
372500,46
372604,31
372611,18
372650,33
372719,33
372783,24
372816,19
372824,36
372825,19
372854,20
372882,18
372913,19
372925,19
372982,19
372998,26
373017,18
373038,21
373096,9
373157,14
373207,51
373217,17
373255,33
373306,25
373370,10
373401,11
373466,27
373538,11
373543,32
373648,27
373650,11
373654,8
373663,25
373664,7
373684,8
373722,17
373741,8
373746,8
373792,6
373807,13
373815,37
373830,9
373919,9
373939,8
373946,44
373987,8
374053,9
374212,8
374216,40
374235,12
374245,46
374256,18
374262,11
374314,30
374338,30
374353,43
374367,24
374371,26
374385,45
374386,55
374471,58
374503,11
374515,9
374559,86
374576,22
374631,34
374646,25
374662,22
374672,28
374675,20
374686,46
374687,9
374716,11
374790,11
374834,51
374843,12
374909,11
374958,11
375032,9
375094,26
375126,39
375178,26
375228,21
375238,60
375245,112
375293,10
375323,23
375329,24
375331,30
375417,28
375442,13
375491,11
375604,24
375606,12
375640,13
375674,13
375680,9
375790,143
375846,6
375921,11
375962,25
376037,15
376071,92
376074,13
376075,17
376121,15
376197,14
376367,25
376396,32
376431,41
376443,21
376467,20
376473,18
376478,9
376506,21
376534,11
376619,9
376622,6
376625,7
376649,8
376665,7
376670,9
376684,9
376692,7
376739,11
376817,12
376852,29
376864,20
376874,28
376928,26
376979,29
377007,24
377030,19
377035,40
377061,20
377064,42
377067,27
377135,44
377149,29
377190,25
377266,22
377270,18
377337,27
377404,47
377485,20
377591,26
377617,20
377645,21
377670,18
377673,32
377692,43
377710,24
377722,55
377817,44
377836,19
377852,37
377855,21
377921,27
377928,27
377929,18
377937,28
378003,18
378013,19
378034,35
378117,24
378182,24
378214,10
378219,155
378226,9
378282,12
378328,23
378357,21
378506,64
378630,18
378645,44
378661,18
378674,48
378676,35
378683,18
378745,46
378831,23
378871,25
378919,24
378973,21
378983,9
379001,9
379007,9
379034,11
379047,11
379055,99
379144,27
379174,18
379205,36
379216,54
379292,22
379309,28
379323,29
379355,32
379358,40
379360,17
379465,19
379518,28
379563,17
379592,41
379639,16
379725,9
379783,14
379790,31
379797,13
379806,16
379822,33
379889,202
379898,34
380011,61
380056,17
380086,31
380109,17
380251,36
380308,21
380350,21
380412,58
380474,58
380521,32
380616,29
380681,25
380682,22
380735,22
380786,10
380894,18
380901,26
380966,58
380974,25
381049,22
381064,10
381111,9
381123,47
381247,12
381329,49
381348,25
381467,12
381530,30
381537,54
381587,41
381593,11
381696,23
381738,22
381739,41
381817,22
381845,271
381980,10
382003,10
382028,16
382030,8
382086,33
382099,8
382102,13
382115,82
382130,7
382251,28
382306,19
382345,7
382376,6
382385,12
382447,51
382474,6
382489,15
382539,11
382553,6
382593,17
382596,6
382632,5
382695,5
382713,6
382729,6
382771,29
382810,5
382813,7
382839,11
383002,6
383009,27
383013,12
383044,21
383058,6
383173,31
383208,8
383368,7
383369,14
383412,12
383414,17
383452,22
383462,7
383508,14
383564,6
383603,11
383675,8
383678,12
383688,64
383691,7
383785,11
383789,10
383841,34
383871,8
383908,12
383920,16
383939,5
383944,7
383970,14
383979,16
384000,34
384090,5
384207,42
384230,18
384233,9
384239,6
384261,18
384285,9
384322,6
384532,8
384559,10
384572,14
384709,13
384787,14
384794,23
384823,23
384848,19
384905,15
384918,10
384925,10
384955,9
384972,27
384974,15
385020,13
385045,298
385081,11
385087,13
385098,17
385099,47
385174,10
385199,65
385200,10
385316,19
385333,15
385338,21
385341,15
385420,29
385539,29
385590,18
385668,20
385691,11
385740,10
385805,31
385881,31
385895,11
385909,9
385980,19
386180,22
386188,63
386193,27
386206,57
386209,29
386321,54
386592,12
386639,10
386666,9
386740,33
386758,33
386821,9
386963,12
387009,33
387026,14
387047,17
387052,488
387079,12
387133,16
387155,14
387256,9
387305,21
387314,18
387337,21
387364,21
387510,44
387588,22
387703,38
387766,15
387782,138
387793,11
387863,15
387870,19
387900,10
388058,29
388102,10
388110,30
388115,35
388189,31
388229,8
388306,7
388324,11
388356,72
388409,11
388450,24
388478,14
388495,820
388586,21
388590,9
388598,22
388633,17
388654,19
388669,5
388703,6
388721,10
388754,16
388778,26
388781,53
388782,8
388786,7
388814,6
388860,1824
388958,7
388983,10
389068,16
389141,21
389149,15
389170,16
389262,9
389271,14
389278,16
389307,58
389388,45
389389,60
389393,66
389460,36
389462,10
389473,9
389478,12
389550,13
389564,50
389598,8
389635,49
389673,31
389687,8
389695,24
389752,11
389759,8
389806,27
389831,19
389847,93
389868,12
389904,33
389909,12
389918,10
389972,11
390001,7
390054,8
390137,162
390149,8
390154,8
390180,10
390242,44
390307,5
390331,8
390338,6
390362,7
390529,14
390636,15
390708,6
390805,7
390909,6
390953,9
390974,5
391086,98
391102,5
391134,5
391187,17
391284,11
391334,8
391366,9
391388,62
391398,1393
391416,6
391418,13
391455,10
391484,32
391497,5
391510,11
391559,5
391618,5
391930,75
391931,21
391935,55
391954,5
391959,13
391972,5
392011,33
392027,30
392119,6
392141,8
392173,10
392175,14
392196,32
392202,38
392246,5
392247,82
392284,16
392438,14
392522,6
392523,78
392554,7
392581,8
392590,11
392602,6
392760,10
392914,14
393019,5
393063,72
393111,26
393118,7
393126,6
393192,18
393203,9
393222,13
393331,5
393358,9
393399,8
393412,7
393457,6
393480,5
393623,10
393631,6
393651,19
393656,8
393692,7
393712,9
393759,16
393789,14
393842,15
393860,44
393871,12
393914,137
393923,20
394018,22
394072,9
394085,12
394161,22
394199,23
394249,20
394343,59
394444,26
394453,20
394467,21
394508,56
394613,27
394623,10
394642,12
394736,37
394819,28
395054,17
395065,18
395085,61
395258,18
395263,9
395280,34
395315,24
395323,44
395375,10
395411,18
395413,47
395421,40
395488,20
395497,13
395710,45
395723,8
395805,7
395820,8
395851,10
395890,12
395947,6
395961,15
396016,8
396019,58
396063,8
396089,77
396118,20
396149,10
396175,9
396180,16
396266,16
396295,10
396342,13
396394,7
396439,9
396451,10
396481,16
396495,33
396553,73
396609,26
396697,37
396734,6
396763,99
396795,8
396810,39
396860,14
396893,23
396923,15
396948,10
397003,7
397018,7
397021,9
397041,10
397052,7
397099,45
397118,23
397130,10
397190,17
397218,10
397219,23
397236,9
397373,44
397392,6
397421,28
397441,11
397460,10
397480,6
397506,5
397507,8
397513,7
397530,14
397545,8
397547,33
397548,5
397561,6
397589,13
397660,5
397792,9
397850,7
397851,26
397889,8
397891,10
397898,23
397905,9
397913,12
397955,9
397997,6
398010,15
398057,8
398077,119
398094,31
398102,5
398121,7
398137,8
398199,8
398291,7
398398,7
398477,14
398556,44
398562,10
398648,24
398655,36
398731,21
398780,12
398788,18
398812,24
398855,20
398876,19
398958,23
399026,28
399029,22
399061,29
399063,12
399108,10
399120,83
399126,11
399158,12
399193,20
399198,114
399199,29
399297,374
399326,19
399335,45
399353,19
399364,18
399378,32
399380,18
399395,48
399401,34
399489,21
399670,54
399674,9
399687,10
399729,40
399747,11
399756,9
399762,9
399817,12
399837,38
399933,39
399951,19
399972,21
400064,20
400087,54
400195,51
400240,16
400246,24
400319,19
400327,9
400334,12
400371,7
400411,85
400428,7
400496,62
400596,84
400637,33
400722,19
400732,30
400737,19
400779,17
400784,32
400792,40
400805,34
400893,40
400914,27
400952,37
400997,28
401013,33
401014,27
401015,61
401026,21
401054,40
401067,17
401139,23
401149,24
401180,41
401268,19
401303,9
401318,27
401340,15
401393,25
401398,9
401452,44
401465,18
401485,25
401488,17
401491,12
401525,11
401638,21
401672,34
401676,27
401688,18
401709,52
401746,28
401835,59
401860,20
402009,16
402122,10
402253,10
402285,11
402378,13
402455,20
402531,16
402552,7
402635,7
402643,14
402693,15
402734,11
402874,5
402890,6
402908,7
402914,10
402925,12
402937,6
402941,47
403009,7
